soil_type,region,environment,crop
clay,temperate,moderate,Potato
loamy,tropical,moderate,Banana
silty,tropical,cold,Grapes
loamy,tropical,cold,Rice
clay,tropical,moderate,Mustard
sandy,tropical,cold,Onion
clay,temperate,moderate,Potato
loamy,arid,cold,Soybean
sandy,subtropical,cold,Coffee
loamy,tropical,moderate,Banana
clay,subtropical,hot,Cabbage
sandy,tropical,cold,Onion
silty,temperate,hot,Groundnut
silty,temperate,moderate,Sugarcane
loamy,arid,moderate,Barley
silty,temperate,cold,Oats
loamy,subtropical,moderate,Cauliflower
loamy,arid,moderate,Barley
sandy,tropical,moderate,Tomato
peaty,subtropical,moderate,Chickpea
sandy,tropical,hot,Carrot
sandy,temperate,hot,Peas
sandy,temperate,cold,Sorghum
clay,temperate,moderate,Potato
silty,subtropical,hot,Sunflower
sandy,temperate,cold,Sorghum
clay,temperate,hot,Mango
clay,tropical,moderate,Mustard
sandy,arid,moderate,Cauliflower
clay,temperate,moderate,Potato
peaty,arid,cold,Tomato
loamy,arid,moderate,Barley
silty,subtropical,hot,Sunflower
loamy,arid,moderate,Barley
clay,temperate,moderate,Potato
clay,subtropical,moderate,Cotton
silty,arid,cold,Carrot
silty,temperate,moderate,Sugarcane
sandy,tropical,moderate,Tomato
clay,arid,hot,Coffee
silty,subtropical,hot,Sunflower
clay,subtropical,cold,Maize
peaty,subtropical,hot,Sorghum
peaty,arid,moderate,Potato
silty,subtropical,cold,Ginger
silty,temperate,hot,Groundnut
silty,tropical,moderate,Garlic
sandy,tropical,hot,Carrot
sandy,tropical,moderate,Tomato
sandy,subtropical,cold,Coffee
peaty,tropical,moderate,Coconut
peaty,tropical,hot,Lentil
sandy,tropical,hot,Carrot
silty,temperate,cold,Oats
loamy,subtropical,hot,Millet
loamy,subtropical,cold,Ginger
silty,temperate,moderate,Sugarcane
peaty,arid,moderate,Potato
peaty,tropical,moderate,Coconut
sandy,subtropical,hot,Banana
clay,tropical,moderate,Mustard
loamy,arid,hot,Mustard
sandy,subtropical,hot,Banana
silty,subtropical,cold,Ginger
loamy,temperate,cold,Soybean
silty,subtropical,hot,Sunflower
loamy,arid,cold,Soybean
clay,temperate,cold,Coconut
sandy,temperate,cold,Sorghum
silty,tropical,moderate,Garlic
peaty,temperate,hot,Turmeric
sandy,tropical,moderate,Tomato
silty,temperate,cold,Oats
clay,tropical,hot,Peas
sandy,subtropical,cold,Coffee
clay,temperate,hot,Mango
loamy,arid,moderate,Barley
clay,arid,moderate,Cabbage
sandy,temperate,cold,Sorghum
clay,tropical,moderate,Mustard
sandy,temperate,hot,Peas
sandy,subtropical,moderate,Chickpea
clay,arid,cold,Millet
sandy,arid,moderate,Cauliflower
peaty,arid,moderate,Potato
peaty,temperate,moderate,Oats
peaty,subtropical,moderate,Chickpea
peaty,subtropical,cold,Onion
clay,temperate,hot,Mango
peaty,tropical,moderate,Coconut
loamy,arid,hot,Mustard
loamy,temperate,hot,Garlic
silty,temperate,moderate,Sugarcane
clay,arid,cold,Millet
peaty,arid,hot,Lentil
clay,tropical,hot,Peas
clay,tropical,hot,Peas
silty,temperate,hot,Groundnut
peaty,subtropical,moderate,Chickpea
sandy,tropical,cold,Onion
peaty,arid,cold,Tomato
silty,arid,cold,Carrot
peaty,subtropical,moderate,Chickpea
peaty,tropical,cold,Grapes
silty,tropical,cold,Grapes
clay,tropical,moderate,Mustard
sandy,tropical,moderate,Tomato
silty,tropical,cold,Grapes
clay,tropical,cold,Mango
peaty,tropical,hot,Lentil
loamy,tropical,moderate,Banana
peaty,temperate,cold,Sunflower
clay,subtropical,cold,Maize
peaty,arid,moderate,Potato
clay,temperate,moderate,Cauliflower
silty,tropical,cold,Grapes
silty,temperate,hot,Groundnut
clay,subtropical,hot,Cabbage
peaty,tropical,moderate,Coconut
loamy,tropical,hot,Groundnut
sandy,temperate,hot,Peas
silty,subtropical,hot,Sunflower
peaty,subtropical,moderate,Chickpea
sandy,subtropical,hot,Banana
silty,temperate,moderate,Sugarcane
sandy,subtropical,moderate,Chickpea
silty,subtropical,cold,Ginger
silty,subtropical,moderate,Turmeric
sandy,subtropical,moderate,Chickpea
peaty,subtropical,cold,Onion
peaty,arid,cold,Tomato
loamy,tropical,hot,Groundnut
peaty,subtropical,moderate,Chickpea
clay,subtropical,moderate,Cotton
loamy,subtropical,moderate,Cauliflower
silty,tropical,cold,Grapes
clay,arid,hot,Coffee
peaty,subtropical,hot,Sorghum
peaty,subtropical,moderate,Chickpea
loamy,tropical,cold,Rice
silty,arid,moderate,Maize
loamy,arid,cold,Soybean
sandy,subtropical,cold,Coffee
peaty,tropical,hot,Lentil
peaty,arid,moderate,Potato
loamy,temperate,moderate,Barley
silty,subtropical,cold,Ginger
silty,tropical,hot,Sugarcane
clay,subtropical,hot,Cabbage
loamy,arid,moderate,Barley
silty,tropical,hot,Sugarcane
peaty,temperate,cold,Sunflower
clay,arid,moderate,Cabbage
peaty,arid,moderate,Potato
sandy,arid,moderate,Cauliflower
silty,temperate,hot,Groundnut
peaty,arid,cold,Tomato
peaty,arid,hot,Lentil
clay,subtropical,cold,Maize
peaty,subtropical,cold,Onion
clay,arid,cold,Millet
loamy,temperate,hot,Garlic
loamy,temperate,moderate,Barley
silty,temperate,cold,Oats
sandy,subtropical,hot,Banana
clay,temperate,moderate,Potato
clay,temperate,cold,Coconut
sandy,subtropical,hot,Banana
clay,subtropical,cold,Maize
silty,arid,hot,Rice
clay,subtropical,hot,Cabbage
silty,subtropical,moderate,Turmeric
clay,tropical,cold,Mango
sandy,temperate,moderate,Wheat
loamy,subtropical,moderate,Cauliflower
silty,arid,hot,Rice
sandy,arid,cold,Cotton
clay,arid,moderate,Cabbage
peaty,temperate,hot,Turmeric
peaty,arid,cold,Tomato
clay,temperate,hot,Mango
clay,arid,moderate,Cabbage
peaty,temperate,cold,Sunflower
silty,tropical,hot,Sugarcane
sandy,temperate,cold,Sorghum
clay,subtropical,moderate,Cotton
peaty,arid,cold,Tomato
sandy,arid,hot,Wheat
clay,temperate,cold,Coconut
peaty,tropical,cold,Grapes
peaty,subtropical,cold,Onion
peaty,subtropical,hot,Sorghum
silty,tropical,cold,Grapes
clay,temperate,cold,Coconut
silty,tropical,cold,Grapes
peaty,tropical,cold,Grapes
peaty,subtropical,cold,Onion
clay,arid,moderate,Cabbage
sandy,tropical,moderate,Tomato
sandy,subtropical,hot,Banana
silty,temperate,cold,Oats
peaty,subtropical,hot,Sorghum
silty,tropical,cold,Grapes
sandy,subtropical,cold,Coffee
loamy,temperate,cold,Soybean
peaty,temperate,hot,Turmeric
clay,tropical,cold,Mango
loamy,subtropical,moderate,Cauliflower
sandy,temperate,cold,Sorghum
silty,tropical,hot,Sugarcane
silty,arid,cold,Carrot
peaty,arid,cold,Tomato
silty,arid,moderate,Maize
silty,subtropical,cold,Ginger
silty,subtropical,cold,Ginger
sandy,tropical,hot,Carrot
loamy,arid,hot,Mustard
peaty,subtropical,hot,Sorghum
sandy,temperate,moderate,Wheat
peaty,arid,hot,Lentil
silty,tropical,cold,Grapes
silty,tropical,moderate,Garlic
peaty,subtropical,hot,Sorghum
silty,subtropical,hot,Sunflower
loamy,tropical,moderate,Banana
silty,tropical,hot,Sugarcane
silty,subtropical,hot,Sunflower
clay,arid,cold,Millet
loamy,temperate,cold,Soybean
clay,subtropical,hot,Cabbage
loamy,tropical,moderate,Banana
peaty,tropical,moderate,Coconut
clay,subtropical,cold,Maize
sandy,tropical,cold,Onion
clay,subtropical,cold,Maize
sandy,subtropical,cold,Coffee
loamy,arid,cold,Soybean
sandy,arid,hot,Wheat
sandy,subtropical,hot,Banana
sandy,tropical,hot,Carrot
silty,temperate,moderate,Sugarcane
silty,tropical,hot,Sugarcane
peaty,temperate,hot,Turmeric
clay,arid,moderate,Cabbage
loamy,subtropical,hot,Millet
loamy,tropical,moderate,Banana
silty,subtropical,cold,Ginger
peaty,tropical,moderate,Coconut
loamy,subtropical,hot,Millet
sandy,arid,cold,Cotton
peaty,tropical,cold,Grapes
peaty,temperate,cold,Sunflower
peaty,tropical,hot,Lentil
clay,arid,moderate,Cabbage
silty,tropical,moderate,Garlic
peaty,tropical,cold,Grapes
peaty,tropical,hot,Lentil
silty,temperate,cold,Oats
clay,subtropical,cold,Maize
sandy,arid,moderate,Cauliflower
sandy,tropical,hot,Carrot
clay,subtropical,hot,Cabbage
sandy,tropical,hot,Carrot
sandy,arid,cold,Cotton
loamy,tropical,hot,Groundnut
peaty,subtropical,moderate,Chickpea
loamy,subtropical,hot,Sorghum
silty,subtropical,moderate,Turmeric
sandy,tropical,hot,Carrot
clay,tropical,moderate,Mustard
sandy,arid,hot,Wheat
clay,arid,moderate,Cabbage
peaty,temperate,cold,Sunflower
loamy,arid,hot,Mustard
peaty,tropical,moderate,Coconut
loamy,arid,cold,Cabbage
silty,arid,moderate,Maize
clay,subtropical,moderate,Cotton
sandy,tropical,moderate,Tomato
clay,temperate,hot,Mango
silty,temperate,hot,Groundnut
clay,tropical,cold,Mango
loamy,subtropical,cold,Ginger
silty,tropical,hot,Sugarcane
loamy,tropical,moderate,Banana
silty,subtropical,cold,Ginger
loamy,subtropical,moderate,Cauliflower
sandy,temperate,hot,Peas
loamy,tropical,moderate,Banana
sandy,tropical,cold,Onion
clay,arid,cold,Millet
loamy,tropical,cold,Rice
peaty,tropical,hot,Lentil
clay,subtropical,cold,Maize
sandy,arid,cold,Cotton
sandy,arid,cold,Cotton
silty,arid,moderate,Maize
sandy,subtropical,cold,Coffee
clay,tropical,moderate,Mustard
clay,arid,moderate,Cabbage
sandy,arid,cold,Cotton
peaty,subtropical,cold,Onion
sandy,temperate,hot,Peas
loamy,arid,hot,Mustard
clay,tropical,moderate,Mustard
clay,tropical,moderate,Mustard
peaty,arid,hot,Lentil
loamy,subtropical,hot,Millet
clay,arid,cold,Millet
peaty,tropical,moderate,Coconut
sandy,temperate,cold,Sorghum
peaty,arid,cold,Tomato
silty,temperate,hot,Groundnut
peaty,temperate,hot,Turmeric
clay,tropical,cold,Mango
silty,tropical,moderate,Garlic
sandy,subtropical,moderate,Chickpea
clay,arid,cold,Millet
clay,arid,hot,Coffee
loamy,arid,cold,Soybean
peaty,tropical,moderate,Coconut
loamy,temperate,cold,Soybean
loamy,tropical,hot,Groundnut
sandy,tropical,hot,Carrot
loamy,tropical,hot,Groundnut
silty,tropical,cold,Grapes
silty,temperate,cold,Oats
peaty,arid,hot,Lentil
sandy,tropical,cold,Onion
sandy,tropical,cold,Onion
sandy,subtropical,cold,Coffee
sandy,arid,cold,Cotton
loamy,temperate,cold,Soybean
sandy,arid,cold,Cotton
peaty,temperate,cold,Sunflower
loamy,tropical,moderate,Banana
peaty,arid,cold,Tomato
loamy,arid,hot,Mustard
clay,subtropical,cold,Maize
sandy,arid,cold,Cotton
loamy,temperate,moderate,Barley
peaty,subtropical,moderate,Chickpea
loamy,arid,cold,Soybean
silty,tropical,hot,Sugarcane
sandy,subtropical,hot,Banana
silty,subtropical,cold,Ginger
clay,subtropical,cold,Maize
peaty,temperate,moderate,Oats
peaty,subtropical,moderate,Chickpea
peaty,temperate,cold,Sunflower
silty,subtropical,cold,Ginger
silty,temperate,moderate,Sugarcane
peaty,arid,moderate,Potato
peaty,temperate,moderate,Oats
clay,subtropical,moderate,Cotton
silty,subtropical,hot,Sunflower
sandy,arid,hot,Wheat
silty,temperate,moderate,Sugarcane
loamy,temperate,cold,Soybean
peaty,subtropical,moderate,Chickpea
loamy,temperate,hot,Garlic
loamy,temperate,moderate,Barley
clay,arid,moderate,Cabbage
loamy,arid,hot,Mustard
peaty,temperate,hot,Turmeric
loamy,subtropical,hot,Millet
loamy,temperate,cold,Soybean
peaty,temperate,moderate,Oats
peaty,subtropical,moderate,Chickpea
peaty,temperate,moderate,Oats
clay,subtropical,moderate,Cotton
clay,tropical,cold,Mango
sandy,tropical,cold,Onion
loamy,subtropical,moderate,Cauliflower
peaty,arid,moderate,Potato
peaty,subtropical,cold,Onion
silty,subtropical,hot,Sunflower
sandy,tropical,hot,Carrot
peaty,subtropical,cold,Onion
peaty,arid,hot,Lentil
loamy,arid,hot,Mustard
peaty,temperate,cold,Sunflower
silty,arid,cold,Carrot
silty,tropical,hot,Sugarcane
sandy,arid,hot,Wheat
peaty,tropical,hot,Lentil
sandy,subtropical,hot,Banana
peaty,temperate,cold,Sunflower
loamy,arid,cold,Soybean
loamy,subtropical,cold,Ginger
clay,temperate,moderate,Potato
peaty,tropical,hot,Lentil
peaty,subtropical,cold,Onion
sandy,tropical,hot,Carrot
silty,subtropical,hot,Sunflower
loamy,arid,hot,Mustard
sandy,subtropical,hot,Banana
loamy,tropical,moderate,Banana
sandy,arid,hot,Wheat
peaty,subtropical,moderate,Chickpea
sandy,tropical,hot,Carrot
peaty,subtropical,cold,Onion
sandy,subtropical,moderate,Chickpea
loamy,temperate,hot,Garlic
loamy,tropical,cold,Rice
sandy,arid,moderate,Cauliflower
loamy,subtropical,cold,Ginger
clay,arid,moderate,Cabbage
clay,temperate,hot,Mango
clay,arid,hot,Coffee
silty,arid,cold,Carrot
clay,tropical,moderate,Mustard
silty,arid,cold,Carrot
silty,subtropical,cold,Ginger
clay,temperate,moderate,Potato
peaty,tropical,moderate,Coconut
peaty,subtropical,moderate,Chickpea
silty,arid,hot,Rice
silty,temperate,hot,Groundnut
clay,arid,cold,Millet
sandy,subtropical,hot,Banana
peaty,tropical,hot,Lentil
clay,tropical,cold,Mango
clay,temperate,moderate,Potato
silty,subtropical,hot,Sunflower
sandy,arid,cold,Cotton
silty,subtropical,moderate,Turmeric
clay,tropical,cold,Mango
peaty,tropical,hot,Lentil
silty,subtropical,moderate,Turmeric
clay,subtropical,cold,Maize
peaty,arid,cold,Tomato
peaty,tropical,moderate,Coconut
silty,arid,hot,Rice
peaty,temperate,hot,Turmeric
peaty,subtropical,hot,Sorghum
peaty,temperate,hot,Turmeric
peaty,temperate,hot,Turmeric
clay,tropical,hot,Peas
clay,arid,moderate,Cabbage
silty,subtropical,hot,Sunflower
peaty,subtropical,moderate,Chickpea
clay,tropical,hot,Peas
clay,subtropical,cold,Maize
clay,tropical,hot,Peas
sandy,temperate,moderate,Wheat
clay,tropical,cold,Mango
clay,temperate,hot,Mango
peaty,subtropical,hot,Sorghum
clay,tropical,cold,Mango
peaty,subtropical,hot,Sorghum
silty,subtropical,hot,Sunflower
silty,temperate,cold,Oats
clay,temperate,hot,Mango
clay,tropical,hot,Peas
peaty,tropical,moderate,Coconut
clay,temperate,moderate,Potato
silty,arid,moderate,Maize
peaty,tropical,moderate,Coconut
clay,subtropical,moderate,Cotton
peaty,tropical,moderate,Coconut
loamy,temperate,cold,Soybean
silty,subtropical,hot,Sunflower
loamy,tropical,hot,Groundnut
peaty,temperate,hot,Turmeric
peaty,subtropical,moderate,Chickpea
silty,temperate,cold,Oats
silty,subtropical,moderate,Turmeric
peaty,subtropical,hot,Sorghum
sandy,tropical,hot,Carrot
clay,tropical,cold,Mango
loamy,subtropical,hot,Millet
sandy,subtropical,moderate,Chickpea
loamy,arid,moderate,Barley
sandy,arid,cold,Cotton
silty,tropical,moderate,Garlic
peaty,subtropical,hot,Sorghum
clay,subtropical,cold,Maize
sandy,temperate,hot,Peas
clay,tropical,moderate,Mustard
silty,tropical,moderate,Garlic
silty,tropical,hot,Sugarcane
sandy,temperate,hot,Peas
loamy,temperate,hot,Garlic
clay,temperate,cold,Coconut
peaty,temperate,hot,Turmeric
loamy,arid,cold,Soybean
clay,arid,hot,Coffee
peaty,temperate,cold,Sunflower
sandy,temperate,hot,Peas
silty,subtropical,moderate,Turmeric
peaty,arid,moderate,Potato
sandy,arid,moderate,Cauliflower
loamy,subtropical,hot,Millet
peaty,subtropical,cold,Onion
loamy,tropical,cold,Garlic
silty,subtropical,hot,Sunflower
loamy,temperate,moderate,Barley
loamy,subtropical,hot,Millet
clay,temperate,cold,Coconut
silty,tropical,cold,Grapes
sandy,subtropical,cold,Coffee
peaty,arid,cold,Tomato
peaty,tropical,cold,Grapes
clay,tropical,cold,Mango
loamy,tropical,moderate,Banana
clay,temperate,moderate,Potato
sandy,temperate,moderate,Wheat
clay,arid,hot,Coffee
silty,temperate,cold,Oats
sandy,subtropical,hot,Banana
peaty,arid,hot,Lentil
loamy,tropical,cold,Rice
silty,temperate,hot,Groundnut
clay,temperate,cold,Coconut
peaty,tropical,moderate,Coconut
loamy,tropical,cold,Rice
clay,subtropical,cold,Maize
loamy,subtropical,hot,Millet
clay,arid,moderate,Cabbage
peaty,temperate,hot,Millet
loamy,tropical,cold,Rice
clay,subtropical,moderate,Cotton
peaty,temperate,hot,Turmeric
silty,temperate,cold,Oats
sandy,temperate,moderate,Wheat
silty,subtropical,hot,Sunflower
clay,tropical,cold,Mango
sandy,tropical,hot,Carrot
clay,subtropical,hot,Cabbage
silty,arid,cold,Carrot
loamy,temperate,cold,Soybean
clay,tropical,cold,Mango
sandy,temperate,hot,Peas
loamy,temperate,hot,Garlic
silty,tropical,moderate,Garlic
peaty,temperate,moderate,Oats
loamy,temperate,moderate,Barley
sandy,arid,cold,Cotton
clay,subtropical,moderate,Cotton
clay,temperate,hot,Mango
loamy,subtropical,moderate,Cauliflower
silty,subtropical,moderate,Turmeric
sandy,tropical,hot,Carrot
clay,tropical,hot,Peas
sandy,subtropical,hot,Banana
silty,tropical,cold,Grapes
peaty,temperate,cold,Sunflower
silty,subtropical,moderate,Turmeric
clay,subtropical,cold,Maize
clay,tropical,cold,Mango
silty,arid,moderate,Maize
clay,temperate,moderate,Potato
silty,subtropical,moderate,Turmeric
peaty,arid,hot,Lentil
peaty,subtropical,hot,Sorghum
clay,tropical,cold,Mango
clay,temperate,cold,Coconut
loamy,subtropical,cold,Ginger
silty,temperate,hot,Groundnut
clay,subtropical,hot,Cabbage
silty,arid,cold,Carrot
peaty,arid,hot,Lentil
peaty,temperate,hot,Turmeric
peaty,temperate,hot,Turmeric
sandy,arid,hot,Wheat
silty,arid,hot,Rice
loamy,subtropical,hot,Millet
sandy,temperate,cold,Sorghum
peaty,subtropical,hot,Sorghum
clay,arid,hot,Coffee
peaty,subtropical,moderate,Chickpea
silty,subtropical,hot,Sunflower
sandy,tropical,hot,Carrot
peaty,subtropical,cold,Onion
clay,arid,moderate,Cabbage
sandy,tropical,moderate,Tomato
peaty,arid,hot,Lentil
sandy,arid,hot,Wheat
peaty,subtropical,moderate,Chickpea
silty,temperate,cold,Oats
sandy,temperate,cold,Sorghum
clay,temperate,moderate,Potato
sandy,tropical,moderate,Tomato
loamy,arid,cold,Soybean
loamy,tropical,moderate,Banana
loamy,arid,moderate,Barley
clay,tropical,moderate,Mustard
loamy,arid,cold,Soybean
silty,temperate,cold,Oats
silty,temperate,hot,Groundnut
peaty,arid,cold,Tomato
sandy,arid,hot,Wheat
loamy,temperate,hot,Garlic
loamy,temperate,hot,Garlic
sandy,subtropical,cold,Coffee
silty,subtropical,cold,Ginger
clay,tropical,cold,Mango
sandy,temperate,cold,Sorghum
sandy,tropical,cold,Onion
loamy,arid,moderate,Barley
peaty,arid,hot,Lentil
sandy,temperate,moderate,Wheat
clay,tropical,moderate,Mustard
sandy,tropical,hot,Carrot
clay,temperate,cold,Coconut
loamy,subtropical,cold,Ginger
silty,subtropical,hot,Sunflower
silty,temperate,cold,Oats
sandy,temperate,hot,Peas
sandy,temperate,hot,Peas
silty,tropical,moderate,Garlic
silty,subtropical,moderate,Turmeric
peaty,temperate,moderate,Oats
sandy,temperate,cold,Sorghum
clay,tropical,cold,Mango
sandy,subtropical,cold,Coffee
loamy,tropical,moderate,Banana
loamy,arid,cold,Soybean
silty,arid,moderate,Maize
silty,subtropical,cold,Ginger
loamy,tropical,moderate,Banana
sandy,arid,hot,Wheat
loamy,subtropical,cold,Ginger
peaty,subtropical,cold,Onion
loamy,subtropical,hot,Millet
sandy,temperate,moderate,Wheat
peaty,arid,cold,Tomato
silty,temperate,moderate,Sugarcane
clay,subtropical,moderate,Cotton
silty,arid,cold,Carrot
loamy,arid,hot,Mustard
loamy,subtropical,moderate,Cauliflower
sandy,tropical,moderate,Tomato
loamy,temperate,hot,Garlic
loamy,tropical,hot,Groundnut
sandy,arid,moderate,Cauliflower
sandy,tropical,hot,Carrot
peaty,tropical,hot,Lentil
peaty,tropical,moderate,Coconut
peaty,arid,cold,Tomato
peaty,temperate,moderate,Oats
peaty,subtropical,moderate,Chickpea
peaty,temperate,moderate,Oats
sandy,arid,moderate,Cauliflower
clay,subtropical,hot,Cabbage
clay,tropical,hot,Peas
clay,arid,cold,Millet
silty,arid,hot,Rice
loamy,subtropical,hot,Millet
peaty,temperate,cold,Sunflower
loamy,tropical,hot,Groundnut
silty,subtropical,moderate,Turmeric
loamy,arid,cold,Soybean
clay,subtropical,hot,Cabbage
peaty,tropical,cold,Grapes
clay,temperate,moderate,Potato
clay,tropical,hot,Peas
sandy,arid,moderate,Cauliflower
loamy,tropical,moderate,Banana
sandy,tropical,cold,Onion
silty,arid,moderate,Maize
sandy,subtropical,moderate,Chickpea
silty,subtropical,moderate,Turmeric
peaty,subtropical,hot,Sorghum
silty,tropical,cold,Grapes
clay,temperate,hot,Mango
clay,subtropical,cold,Maize
peaty,temperate,moderate,Oats
loamy,tropical,moderate,Banana
silty,arid,cold,Carrot
clay,tropical,moderate,Mustard
sandy,tropical,moderate,Tomato
loamy,arid,hot,Mustard
clay,arid,moderate,Cabbage
silty,arid,moderate,Maize
clay,subtropical,hot,Cabbage
sandy,subtropical,hot,Banana
peaty,arid,moderate,Potato
clay,arid,hot,Coffee
peaty,tropical,cold,Grapes
peaty,temperate,hot,Turmeric
peaty,subtropical,hot,Sorghum
loamy,temperate,moderate,Barley
sandy,subtropical,cold,Coffee
loamy,temperate,moderate,Barley
clay,arid,hot,Coffee
silty,tropical,hot,Sugarcane
clay,arid,cold,Millet
clay,arid,cold,Millet
sandy,temperate,cold,Sorghum
sandy,temperate,moderate,Wheat
clay,arid,moderate,Cabbage
silty,temperate,cold,Oats
sandy,arid,moderate,Cauliflower
loamy,tropical,cold,Rice
peaty,arid,moderate,Potato
sandy,tropical,cold,Onion
silty,temperate,moderate,Sugarcane
sandy,arid,hot,Wheat
clay,temperate,cold,Coconut
peaty,tropical,moderate,Coconut
peaty,temperate,cold,Sunflower
peaty,subtropical,moderate,Chickpea
peaty,tropical,hot,Lentil
loamy,arid,hot,Mustard
sandy,tropical,cold,Onion
sandy,arid,moderate,Cauliflower
clay,subtropical,hot,Cabbage
sandy,tropical,moderate,Tomato
silty,subtropical,moderate,Turmeric
peaty,tropical,hot,Lentil
loamy,tropical,cold,Rice
clay,temperate,cold,Coconut
clay,temperate,moderate,Potato
loamy,temperate,moderate,Barley
sandy,subtropical,moderate,Chickpea
clay,tropical,moderate,Mustard
clay,tropical,cold,Mango
sandy,tropical,hot,Carrot
clay,subtropical,hot,Cabbage
sandy,arid,cold,Cotton
loamy,arid,moderate,Barley
clay,temperate,cold,Coconut
loamy,temperate,hot,Garlic
sandy,subtropical,cold,Coffee
clay,tropical,moderate,Mustard
loamy,temperate,moderate,Barley
sandy,temperate,moderate,Wheat
loamy,tropical,moderate,Banana
clay,subtropical,hot,Cabbage
silty,subtropical,hot,Sunflower
loamy,tropical,cold,Rice
clay,temperate,moderate,Potato
loamy,subtropical,cold,Ginger
loamy,tropical,cold,Rice
peaty,subtropical,moderate,Chickpea
silty,subtropical,moderate,Turmeric
clay,arid,cold,Millet
clay,subtropical,moderate,Cotton
clay,subtropical,hot,Cabbage
silty,tropical,hot,Sugarcane
silty,arid,hot,Rice
clay,temperate,moderate,Potato
silty,tropical,cold,Grapes
peaty,subtropical,hot,Sorghum
loamy,tropical,hot,Groundnut
loamy,tropical,cold,Rice
peaty,tropical,moderate,Coconut
sandy,tropical,moderate,Tomato
silty,subtropical,moderate,Turmeric
peaty,arid,moderate,Potato
clay,subtropical,hot,Cabbage
clay,temperate,moderate,Potato
loamy,tropical,hot,Groundnut
loamy,temperate,moderate,Barley
sandy,temperate,moderate,Wheat
sandy,subtropical,cold,Coffee
peaty,tropical,cold,Grapes
sandy,subtropical,cold,Coffee
peaty,tropical,cold,Grapes
loamy,tropical,cold,Rice
loamy,temperate,hot,Garlic
silty,arid,cold,Carrot
clay,temperate,hot,Mango
sandy,subtropical,moderate,Chickpea
loamy,temperate,moderate,Barley
silty,subtropical,cold,Ginger
loamy,subtropical,hot,Millet
clay,subtropical,moderate,Cotton
peaty,tropical,moderate,Coconut
loamy,arid,cold,Soybean
clay,arid,moderate,Cabbage
clay,temperate,cold,Coconut
loamy,arid,moderate,Barley
sandy,subtropical,moderate,Chickpea
sandy,arid,moderate,Cauliflower
loamy,arid,hot,Mustard
silty,arid,hot,Rice
sandy,subtropical,hot,Peas
clay,temperate,moderate,Potato
sandy,temperate,hot,Peas
silty,tropical,hot,Sugarcane
clay,arid,cold,Millet
clay,temperate,hot,Mango
peaty,subtropical,cold,Onion
silty,arid,moderate,Maize
peaty,temperate,cold,Sunflower
peaty,temperate,hot,Turmeric
clay,subtropical,moderate,Cotton
loamy,subtropical,cold,Ginger
silty,arid,hot,Rice
loamy,arid,cold,Soybean
loamy,subtropical,cold,Ginger
sandy,arid,hot,Wheat
sandy,arid,moderate,Cauliflower
silty,temperate,moderate,Sugarcane
loamy,temperate,cold,Soybean
peaty,temperate,hot,Turmeric
loamy,arid,cold,Soybean
silty,subtropical,cold,Ginger
peaty,subtropical,cold,Onion
silty,tropical,hot,Sugarcane
peaty,subtropical,moderate,Chickpea
loamy,arid,moderate,Barley
peaty,subtropical,cold,Onion
silty,subtropical,cold,Ginger
loamy,subtropical,hot,Millet
clay,arid,hot,Coffee
loamy,subtropical,cold,Ginger
peaty,subtropical,hot,Sorghum
silty,arid,hot,Rice
silty,temperate,cold,Oats
sandy,tropical,hot,Carrot
clay,temperate,cold,Coconut
silty,arid,moderate,Maize
peaty,temperate,hot,Turmeric
sandy,tropical,cold,Onion
silty,subtropical,hot,Sunflower
loamy,tropical,moderate,Banana
clay,subtropical,hot,Cabbage
peaty,temperate,moderate,Oats
silty,tropical,cold,Grapes
peaty,arid,moderate,Potato
peaty,arid,hot,Lentil
loamy,tropical,hot,Groundnut
peaty,tropical,moderate,Coconut
clay,temperate,hot,Mango
peaty,arid,hot,Lentil
loamy,temperate,moderate,Barley
sandy,subtropical,hot,Banana
loamy,arid,cold,Soybean
silty,temperate,moderate,Sugarcane
sandy,arid,cold,Cotton
sandy,temperate,hot,Peas
sandy,tropical,hot,Carrot
loamy,subtropical,hot,Millet
peaty,subtropical,moderate,Chickpea
clay,subtropical,moderate,Cotton
clay,arid,hot,Coffee
clay,temperate,moderate,Potato
silty,tropical,hot,Sugarcane
clay,temperate,hot,Mango
sandy,tropical,hot,Carrot
silty,tropical,hot,Sugarcane
sandy,arid,moderate,Cauliflower
loamy,tropical,moderate,Banana
silty,tropical,cold,Grapes
silty,tropical,cold,Grapes
sandy,temperate,cold,Sorghum
clay,temperate,cold,Coconut
peaty,arid,moderate,Potato
clay,arid,hot,Coffee
sandy,arid,cold,Cotton
clay,tropical,cold,Mango
clay,subtropical,cold,Maize
clay,arid,hot,Coffee
loamy,temperate,hot,Garlic
sandy,subtropical,hot,Banana
peaty,temperate,moderate,Oats
peaty,subtropical,cold,Onion
clay,tropical,hot,Peas
clay,temperate,hot,Mango
sandy,temperate,cold,Sorghum
silty,arid,moderate,Maize
clay,arid,hot,Coffee
clay,arid,moderate,Cabbage
clay,tropical,hot,Peas
sandy,arid,cold,Cotton
peaty,subtropical,moderate,Chickpea
sandy,arid,hot,Wheat
sandy,tropical,moderate,Tomato
peaty,subtropical,cold,Onion
peaty,subtropical,moderate,Chickpea
silty,subtropical,cold,Ginger
sandy,arid,cold,Cotton
peaty,subtropical,moderate,Chickpea
silty,temperate,cold,Oats
silty,temperate,moderate,Sugarcane
peaty,temperate,cold,Sunflower
clay,temperate,cold,Coconut
peaty,subtropical,cold,Onion
sandy,subtropical,cold,Coffee
silty,subtropical,hot,Sunflower
peaty,arid,cold,Tomato
peaty,subtropical,moderate,Chickpea
peaty,subtropical,cold,Onion
clay,arid,moderate,Cabbage
loamy,tropical,moderate,Banana
peaty,tropical,hot,Lentil
peaty,tropical,hot,Lentil
silty,subtropical,hot,Sunflower
silty,temperate,hot,Groundnut
silty,tropical,cold,Grapes
loamy,arid,cold,Soybean
peaty,temperate,moderate,Oats
clay,subtropical,hot,Cabbage
silty,tropical,moderate,Garlic
clay,subtropical,moderate,Cotton
sandy,arid,moderate,Cauliflower
loamy,tropical,moderate,Banana
silty,temperate,moderate,Sugarcane
loamy,arid,cold,Soybean
clay,temperate,cold,Coconut
peaty,subtropical,moderate,Chickpea
peaty,subtropical,moderate,Chickpea
silty,tropical,cold,Grapes
silty,arid,hot,Rice
sandy,arid,moderate,Cauliflower
peaty,tropical,cold,Grapes
loamy,tropical,cold,Rice
loamy,tropical,hot,Groundnut
sandy,subtropical,moderate,Chickpea
clay,tropical,moderate,Mustard
loamy,tropical,moderate,Banana
silty,tropical,hot,Sugarcane
loamy,tropical,hot,Groundnut
loamy,arid,hot,Mustard
peaty,subtropical,cold,Onion
silty,subtropical,hot,Sunflower
clay,arid,moderate,Cabbage
silty,tropical,moderate,Garlic
peaty,arid,moderate,Potato
silty,arid,hot,Rice
peaty,subtropical,hot,Sorghum
peaty,temperate,moderate,Oats
sandy,arid,moderate,Cauliflower
silty,temperate,moderate,Sugarcane
sandy,arid,hot,Wheat
peaty,temperate,hot,Turmeric
sandy,temperate,moderate,Wheat
loamy,temperate,hot,Garlic
sandy,arid,moderate,Cauliflower
sandy,tropical,hot,Carrot
loamy,subtropical,cold,Ginger
peaty,temperate,cold,Sunflower
silty,tropical,moderate,Garlic
silty,arid,moderate,Maize
clay,tropical,cold,Mango
silty,tropical,cold,Grapes
sandy,temperate,hot,Peas
sandy,tropical,hot,Carrot
peaty,arid,hot,Lentil
sandy,subtropical,hot,Mango
silty,subtropical,moderate,Turmeric
silty,tropical,hot,Sugarcane
clay,tropical,moderate,Mustard
loamy,subtropical,cold,Ginger
loamy,temperate,moderate,Barley
silty,temperate,cold,Oats
silty,temperate,hot,Groundnut
sandy,subtropical,moderate,Chickpea
clay,subtropical,hot,Cabbage
sandy,arid,cold,Cotton
clay,temperate,cold,Coconut
peaty,arid,cold,Tomato
silty,arid,hot,Rice
peaty,temperate,cold,Sunflower
silty,temperate,hot,Groundnut
sandy,tropical,moderate,Tomato
clay,subtropical,moderate,Cotton
loamy,arid,moderate,Barley
silty,arid,cold,Carrot
peaty,arid,moderate,Potato
silty,arid,cold,Carrot
peaty,arid,cold,Tomato
silty,temperate,moderate,Sugarcane
loamy,arid,moderate,Barley
clay,temperate,hot,Mango
silty,tropical,hot,Sugarcane
loamy,subtropical,moderate,Cauliflower
sandy,tropical,moderate,Tomato
sandy,arid,hot,Wheat
peaty,tropical,cold,Grapes
loamy,tropical,cold,Rice
silty,arid,moderate,Maize
clay,arid,hot,Coffee
peaty,subtropical,moderate,Chickpea
loamy,tropical,moderate,Banana
silty,arid,cold,Carrot
clay,arid,hot,Coffee
peaty,temperate,cold,Sunflower
loamy,temperate,hot,Garlic
loamy,tropical,hot,Groundnut
clay,tropical,moderate,Mustard
clay,temperate,moderate,Potato
silty,tropical,moderate,Garlic
silty,tropical,cold,Grapes
sandy,subtropical,cold,Coffee
clay,temperate,moderate,Potato
loamy,arid,moderate,Barley
loamy,subtropical,hot,Millet
clay,temperate,cold,Coconut
silty,arid,hot,Rice
loamy,temperate,cold,Soybean
peaty,tropical,hot,Lentil
loamy,subtropical,moderate,Cauliflower
sandy,subtropical,cold,Coffee
clay,arid,hot,Coffee
sandy,tropical,hot,Carrot
clay,subtropical,cold,Maize
loamy,temperate,hot,Garlic
silty,subtropical,hot,Sunflower
loamy,temperate,hot,Garlic
peaty,subtropical,hot,Sorghum
silty,tropical,moderate,Garlic
clay,arid,cold,Millet
silty,tropical,moderate,Garlic
silty,subtropical,cold,Ginger
loamy,arid,moderate,Barley
peaty,temperate,cold,Sunflower
clay,tropical,moderate,Mustard
clay,temperate,cold,Coconut
peaty,subtropical,cold,Onion
peaty,arid,moderate,Potato
clay,arid,cold,Millet
sandy,arid,cold,Cotton
clay,tropical,cold,Mango
silty,arid,cold,Carrot
sandy,subtropical,cold,Coffee
loamy,tropical,cold,Rice
peaty,arid,cold,Tomato
loamy,subtropical,hot,Millet
clay,subtropical,cold,Maize
sandy,subtropical,moderate,Chickpea
sandy,arid,moderate,Cauliflower
peaty,subtropical,moderate,Chickpea
sandy,arid,hot,Wheat
clay,subtropical,moderate,Cotton
loamy,subtropical,cold,Ginger
clay,tropical,hot,Peas
loamy,arid,cold,Soybean
loamy,subtropical,hot,Millet
loamy,arid,cold,Soybean
loamy,tropical,hot,Groundnut
silty,arid,moderate,Maize
loamy,subtropical,cold,Ginger
silty,tropical,hot,Sugarcane
loamy,temperate,hot,Garlic
peaty,subtropical,cold,Onion
silty,arid,moderate,Maize
silty,subtropical,moderate,Turmeric
sandy,tropical,moderate,Tomato
sandy,arid,cold,Cotton
loamy,arid,moderate,Barley
clay,temperate,cold,Coconut
peaty,temperate,hot,Turmeric
clay,subtropical,hot,Cabbage
loamy,temperate,hot,Garlic
sandy,subtropical,hot,Banana
peaty,temperate,cold,Sunflower
loamy,subtropical,moderate,Cauliflower
silty,subtropical,hot,Sunflower
silty,tropical,moderate,Garlic
clay,tropical,hot,Peas
sandy,temperate,cold,Sorghum
clay,arid,hot,Coffee
loamy,subtropical,moderate,Cauliflower
silty,arid,hot,Rice
clay,arid,moderate,Cabbage
silty,subtropical,moderate,Turmeric
peaty,tropical,hot,Lentil
silty,tropical,moderate,Garlic
loamy,subtropical,hot,Millet
silty,temperate,cold,Oats
sandy,temperate,hot,Peas
silty,subtropical,moderate,Turmeric
clay,temperate,hot,Mango
peaty,subtropical,moderate,Chickpea
loamy,subtropical,moderate,Cauliflower
silty,subtropical,hot,Sunflower
clay,subtropical,hot,Cabbage
sandy,tropical,hot,Carrot
loamy,temperate,cold,Soybean
silty,tropical,moderate,Garlic
silty,subtropical,hot,Sunflower
clay,subtropical,hot,Cabbage
clay,tropical,cold,Mango
silty,temperate,moderate,Sugarcane
loamy,tropical,moderate,Banana
sandy,subtropical,hot,Banana
peaty,arid,moderate,Potato
silty,subtropical,cold,Ginger
clay,temperate,hot,Mango
peaty,arid,hot,Lentil
silty,temperate,cold,Oats
peaty,temperate,hot,Turmeric
peaty,arid,moderate,Potato
loamy,temperate,cold,Soybean
loamy,arid,hot,Mustard
loamy,subtropical,cold,Ginger
clay,subtropical,cold,Maize
silty,temperate,cold,Oats
loamy,subtropical,hot,Millet
sandy,tropical,hot,Carrot
clay,temperate,hot,Mango
clay,temperate,moderate,Potato
loamy,tropical,cold,Rice
loamy,temperate,cold,Soybean
loamy,temperate,cold,Soybean
peaty,tropical,hot,Lentil
sandy,tropical,cold,Onion
peaty,subtropical,hot,Sorghum
silty,arid,cold,Carrot
loamy,arid,moderate,Barley
sandy,arid,cold,Cotton
sandy,tropical,moderate,Tomato
clay,temperate,moderate,Potato
clay,tropical,moderate,Mustard
sandy,temperate,moderate,Wheat
peaty,temperate,moderate,Oats
peaty,subtropical,cold,Onion
peaty,temperate,hot,Turmeric
peaty,arid,moderate,Potato
sandy,subtropical,moderate,Chickpea
silty,temperate,cold,Turmeric
peaty,arid,moderate,Potato
loamy,tropical,cold,Rice
peaty,subtropical,cold,Onion
sandy,temperate,hot,Peas
peaty,arid,hot,Lentil
loamy,tropical,hot,Groundnut
sandy,arid,cold,Cotton
sandy,temperate,hot,Peas
clay,arid,moderate,Cabbage
peaty,arid,cold,Tomato
silty,temperate,hot,Groundnut
clay,arid,hot,Coffee
sandy,tropical,moderate,Tomato
silty,temperate,hot,Groundnut
loamy,temperate,cold,Soybean
silty,arid,hot,Rice
sandy,arid,hot,Wheat
peaty,arid,hot,Lentil
clay,arid,cold,Millet
clay,arid,moderate,Cabbage
silty,arid,cold,Carrot
peaty,subtropical,hot,Sorghum
silty,temperate,moderate,Sugarcane
sandy,arid,hot,Oats
peaty,tropical,cold,Grapes
loamy,tropical,cold,Rice
silty,temperate,hot,Groundnut
silty,arid,hot,Rice
clay,tropical,cold,Mango
silty,temperate,hot,Groundnut
silty,temperate,moderate,Sugarcane
loamy,temperate,hot,Garlic
silty,subtropical,moderate,Turmeric
silty,tropical,moderate,Garlic
loamy,temperate,hot,Garlic
loamy,tropical,hot,Groundnut
peaty,temperate,cold,Sunflower
peaty,arid,cold,Tomato
peaty,subtropical,hot,Sorghum
clay,temperate,hot,Mango
clay,subtropical,moderate,Cotton
sandy,arid,moderate,Cauliflower
clay,arid,cold,Millet
peaty,subtropical,hot,Sorghum
loamy,temperate,hot,Garlic
loamy,tropical,cold,Rice
clay,arid,cold,Millet
clay,subtropical,moderate,Cotton
loamy,tropical,hot,Groundnut
silty,tropical,moderate,Garlic
peaty,tropical,cold,Grapes
loamy,subtropical,cold,Ginger
silty,subtropical,cold,Ginger
clay,subtropical,cold,Maize
loamy,tropical,hot,Groundnut
peaty,tropical,hot,Lentil
silty,arid,cold,Carrot
sandy,temperate,hot,Peas
sandy,tropical,cold,Onion
peaty,temperate,moderate,Oats
sandy,subtropical,cold,Coffee
sandy,tropical,moderate,Tomato
loamy,arid,hot,Mustard
silty,temperate,cold,Oats
peaty,tropical,hot,Lentil
peaty,temperate,moderate,Oats
clay,temperate,hot,Mango
silty,temperate,hot,Groundnut
peaty,subtropical,cold,Onion
silty,temperate,moderate,Lentil
silty,tropical,cold,Grapes
peaty,temperate,moderate,Oats
sandy,temperate,moderate,Wheat
silty,subtropical,moderate,Turmeric
loamy,arid,hot,Mustard
peaty,tropical,cold,Grapes
peaty,temperate,hot,Turmeric
clay,tropical,moderate,Mustard
silty,subtropical,moderate,Turmeric
silty,subtropical,cold,Ginger
clay,arid,hot,Coffee
loamy,subtropical,cold,Ginger
silty,temperate,cold,Oats
clay,tropical,hot,Peas
loamy,tropical,cold,Rice
peaty,arid,cold,Tomato
peaty,arid,cold,Tomato
sandy,temperate,moderate,Wheat
silty,arid,hot,Rice
loamy,arid,hot,Banana
loamy,tropical,hot,Groundnut
silty,subtropical,cold,Ginger
sandy,tropical,cold,Onion
loamy,temperate,moderate,Barley
peaty,subtropical,cold,Onion
sandy,arid,cold,Cotton
silty,subtropical,cold,Ginger
peaty,tropical,moderate,Coconut
sandy,subtropical,moderate,Chickpea
silty,tropical,cold,Grapes
peaty,subtropical,moderate,Chickpea
silty,temperate,moderate,Sugarcane
loamy,arid,hot,Mustard
peaty,tropical,moderate,Coconut
peaty,temperate,cold,Sunflower
clay,tropical,hot,Peas
peaty,arid,cold,Tomato
loamy,tropical,hot,Groundnut
sandy,temperate,cold,Sorghum
silty,subtropical,hot,Sunflower
peaty,arid,hot,Lentil
sandy,tropical,cold,Onion
loamy,arid,cold,Soybean
loamy,subtropical,moderate,Cauliflower
silty,arid,hot,Rice
loamy,tropical,hot,Groundnut
clay,arid,hot,Coffee
silty,subtropical,cold,Ginger
silty,tropical,cold,Grapes
sandy,subtropical,hot,Banana
sandy,arid,moderate,Cauliflower
silty,arid,hot,Rice
clay,tropical,cold,Mango
loamy,subtropical,cold,Ginger
peaty,temperate,cold,Sunflower
peaty,arid,moderate,Potato
sandy,subtropical,hot,Banana
clay,arid,moderate,Cabbage
sandy,arid,cold,Cotton
peaty,tropical,hot,Lentil
silty,temperate,hot,Groundnut
clay,subtropical,moderate,Cotton
loamy,arid,hot,Mustard
silty,temperate,moderate,Sugarcane
sandy,subtropical,moderate,Chickpea
sandy,temperate,hot,Peas
clay,arid,cold,Millet
clay,temperate,cold,Coconut
sandy,arid,cold,Cotton
loamy,subtropical,hot,Millet
silty,temperate,hot,Groundnut
sandy,subtropical,cold,Coffee
silty,subtropical,cold,Ginger
peaty,tropical,moderate,Coconut
loamy,subtropical,moderate,Cauliflower
loamy,subtropical,hot,Millet
sandy,subtropical,moderate,Chickpea
peaty,arid,cold,Tomato
loamy,subtropical,hot,Millet
peaty,arid,hot,Lentil
peaty,subtropical,hot,Sorghum
clay,tropical,moderate,Mustard
clay,tropical,hot,Peas
sandy,tropical,moderate,Tomato
sandy,temperate,cold,Sorghum
clay,tropical,cold,Cotton
clay,subtropical,cold,Onion
peaty,tropical,cold,Grapes
clay,tropical,cold,Mango
peaty,subtropical,moderate,Chickpea
clay,subtropical,cold,Cotton
sandy,subtropical,hot,Banana
loamy,subtropical,hot,Millet
loamy,arid,moderate,Barley
silty,temperate,moderate,Sugarcane
clay,tropical,cold,Mango
loamy,subtropical,moderate,Cauliflower
loamy,temperate,moderate,Barley
peaty,arid,cold,Tomato
sandy,tropical,moderate,Tomato
loamy,tropical,moderate,Banana
loamy,subtropical,hot,Millet
peaty,temperate,cold,Sunflower
peaty,tropical,hot,Lentil
silty,subtropical,hot,Sunflower
loamy,subtropical,moderate,Cauliflower
sandy,tropical,cold,Onion
clay,tropical,moderate,Mustard
peaty,tropical,cold,Grapes
sandy,temperate,cold,Sorghum
sandy,tropical,hot,Carrot
loamy,tropical,cold,Rice
peaty,arid,moderate,Potato
silty,temperate,hot,Groundnut
silty,arid,cold,Carrot
sandy,temperate,moderate,Wheat
silty,subtropical,cold,Ginger
peaty,tropical,moderate,Coconut
loamy,arid,cold,Soybean
silty,subtropical,moderate,Turmeric
silty,subtropical,moderate,Turmeric
silty,temperate,cold,Oats
clay,subtropical,moderate,Cotton
sandy,temperate,moderate,Millet
sandy,temperate,hot,Peas
silty,arid,hot,Rice
sandy,subtropical,hot,Banana
peaty,arid,hot,Lentil
silty,arid,moderate,Maize
clay,temperate,hot,Mango
peaty,subtropical,cold,Onion
loamy,temperate,moderate,Barley
loamy,subtropical,cold,Ginger
silty,arid,cold,Carrot
peaty,tropical,moderate,Coconut
sandy,arid,moderate,Cauliflower
silty,temperate,hot,Groundnut
sandy,temperate,cold,Sorghum
loamy,subtropical,moderate,Cauliflower
loamy,temperate,hot,Garlic
silty,arid,moderate,Maize
sandy,subtropical,cold,Coffee
sandy,tropical,cold,Onion
sandy,tropical,moderate,Tomato
silty,arid,moderate,Maize
loamy,tropical,hot,Groundnut
sandy,arid,hot,Wheat
silty,arid,hot,Rice
peaty,tropical,cold,Grapes
peaty,arid,moderate,Potato
silty,temperate,moderate,Sugarcane
peaty,temperate,hot,Turmeric
silty,temperate,moderate,Sugarcane
loamy,temperate,cold,Soybean
clay,tropical,moderate,Mustard
clay,arid,hot,Coffee
clay,subtropical,hot,Cabbage
silty,temperate,hot,Groundnut
peaty,temperate,hot,Turmeric
silty,subtropical,cold,Ginger
silty,tropical,cold,Grapes
clay,arid,cold,Millet
loamy,arid,moderate,Barley
peaty,temperate,moderate,Oats
peaty,tropical,moderate,Coconut
sandy,subtropical,moderate,Chickpea
sandy,subtropical,cold,Coffee
peaty,subtropical,hot,Sorghum
clay,temperate,hot,Mango
peaty,subtropical,cold,Onion
clay,subtropical,cold,Maize
clay,tropical,hot,Peas
sandy,temperate,cold,Sorghum
clay,arid,hot,Coffee
sandy,temperate,hot,Peas
clay,temperate,moderate,Potato
sandy,temperate,moderate,Wheat
peaty,temperate,moderate,Oats
loamy,tropical,cold,Rice
peaty,subtropical,hot,Sorghum
peaty,arid,moderate,Potato
peaty,temperate,moderate,Oats
peaty,tropical,cold,Grapes
peaty,arid,cold,Tomato
clay,arid,moderate,Cabbage
silty,tropical,hot,Sugarcane
peaty,temperate,hot,Turmeric
peaty,subtropical,hot,Sorghum
loamy,tropical,cold,Rice
peaty,arid,hot,Ginger
silty,tropical,hot,Sugarcane
loamy,tropical,moderate,Banana
silty,arid,moderate,Maize
clay,subtropical,moderate,Cotton
sandy,subtropical,moderate,Chickpea
silty,arid,hot,Rice
clay,subtropical,hot,Cabbage
silty,subtropical,cold,Ginger
peaty,arid,cold,Tomato
silty,subtropical,cold,Ginger
loamy,tropical,hot,Groundnut
loamy,arid,hot,Mustard
peaty,subtropical,moderate,Chickpea
loamy,temperate,moderate,Barley
sandy,arid,hot,Wheat
loamy,arid,moderate,Barley
silty,temperate,cold,Oats
sandy,subtropical,cold,Coffee
silty,tropical,moderate,Garlic
peaty,subtropical,cold,Onion
clay,temperate,hot,Mango
silty,tropical,hot,Sugarcane
clay,temperate,hot,Mango
clay,tropical,moderate,Mustard
silty,arid,cold,Carrot
sandy,temperate,hot,Peas
silty,subtropical,cold,Ginger
silty,temperate,cold,Oats
peaty,arid,hot,Lentil
silty,arid,cold,Carrot
loamy,subtropical,hot,Millet
sandy,tropical,moderate,Tomato
clay,arid,hot,Coffee
clay,tropical,moderate,Mustard
sandy,arid,cold,Cotton
sandy,arid,cold,Cotton
loamy,temperate,hot,Garlic
silty,tropical,hot,Sugarcane
sandy,tropical,hot,Carrot
peaty,tropical,cold,Grapes
loamy,subtropical,cold,Ginger
silty,tropical,moderate,Garlic
loamy,subtropical,moderate,Cauliflower
silty,arid,moderate,Maize
loamy,arid,cold,Soybean
silty,subtropical,cold,Ginger
peaty,subtropical,moderate,Chickpea
sandy,arid,cold,Cotton
loamy,temperate,cold,Soybean
peaty,tropical,hot,Lentil
sandy,tropical,hot,Carrot
clay,arid,moderate,Cabbage
silty,subtropical,moderate,Peas
peaty,tropical,cold,Grapes
clay,subtropical,cold,Maize
clay,tropical,cold,Mango
peaty,arid,cold,Tomato
peaty,tropical,cold,Grapes
silty,temperate,moderate,Sugarcane
sandy,arid,hot,Wheat
silty,arid,hot,Rice
loamy,subtropical,cold,Ginger
sandy,arid,cold,Cotton
peaty,subtropical,cold,Onion
sandy,temperate,moderate,Wheat
clay,tropical,moderate,Mustard
loamy,temperate,moderate,Barley
sandy,tropical,cold,Onion
peaty,subtropical,cold,Onion
loamy,temperate,moderate,Barley
sandy,arid,cold,Cotton
sandy,temperate,moderate,Wheat
loamy,arid,moderate,Barley
clay,tropical,moderate,Mustard
silty,temperate,cold,Oats
silty,arid,moderate,Maize
loamy,temperate,moderate,Barley
clay,tropical,moderate,Mustard
silty,arid,cold,Carrot
loamy,tropical,moderate,Banana
clay,arid,cold,Millet
peaty,temperate,moderate,Oats
peaty,subtropical,moderate,Chickpea
clay,temperate,cold,Coconut
loamy,subtropical,hot,Millet
loamy,tropical,hot,Groundnut
silty,tropical,hot,Sugarcane
loamy,arid,cold,Soybean
peaty,arid,moderate,Potato
peaty,temperate,hot,Turmeric
silty,temperate,hot,Groundnut
clay,tropical,cold,Mango
sandy,arid,moderate,Cauliflower
loamy,arid,moderate,Barley
loamy,temperate,cold,Soybean
loamy,arid,cold,Soybean
clay,temperate,cold,Coconut
loamy,tropical,hot,Groundnut
peaty,temperate,moderate,Oats
clay,subtropical,moderate,Cotton
silty,tropical,cold,Grapes
peaty,arid,cold,Tomato
silty,subtropical,hot,Sunflower
peaty,arid,cold,Tomato
sandy,arid,cold,Cotton
peaty,subtropical,hot,Sorghum
loamy,temperate,cold,Soybean
peaty,temperate,cold,Sunflower
silty,arid,cold,Carrot
loamy,subtropical,moderate,Cauliflower
sandy,tropical,cold,Onion
sandy,arid,hot,Wheat
peaty,subtropical,cold,Onion
peaty,arid,moderate,Potato
sandy,subtropical,cold,Coffee
peaty,temperate,cold,Sunflower
sandy,tropical,cold,Onion
loamy,temperate,moderate,Barley
loamy,temperate,moderate,Barley
sandy,tropical,cold,Onion
silty,arid,cold,Carrot
loamy,temperate,hot,Garlic
clay,temperate,moderate,Potato
silty,tropical,hot,Sugarcane
loamy,arid,cold,Soybean
silty,arid,moderate,Maize
silty,temperate,cold,Oats
peaty,subtropical,hot,Sorghum
clay,arid,moderate,Cabbage
clay,arid,cold,Millet
sandy,temperate,cold,Sorghum
loamy,temperate,hot,Garlic
peaty,temperate,cold,Sunflower
loamy,arid,cold,Soybean
loamy,temperate,cold,Soybean
sandy,subtropical,cold,Coffee
loamy,subtropical,hot,Millet
loamy,subtropical,hot,Millet
loamy,arid,hot,Mustard
loamy,arid,moderate,Barley
loamy,subtropical,cold,Ginger
peaty,subtropical,hot,Sorghum
loamy,tropical,moderate,Banana
loamy,subtropical,moderate,Cauliflower
peaty,subtropical,moderate,Chickpea
peaty,subtropical,cold,Onion
clay,temperate,cold,Coconut
loamy,arid,moderate,Barley
peaty,arid,moderate,Potato
silty,subtropical,cold,Ginger
sandy,tropical,hot,Carrot
loamy,subtropical,moderate,Chickpea
peaty,arid,moderate,Potato
loamy,temperate,cold,Soybean
sandy,arid,hot,Wheat
loamy,tropical,hot,Groundnut
loamy,subtropical,hot,Millet
peaty,subtropical,cold,Onion
loamy,subtropical,cold,Ginger
sandy,subtropical,hot,Banana
silty,arid,hot,Rice
silty,temperate,moderate,Sugarcane
loamy,tropical,cold,Rice
clay,arid,cold,Millet
silty,arid,hot,Rice
loamy,tropical,hot,Groundnut
silty,temperate,hot,Groundnut
loamy,tropical,cold,Rice
peaty,arid,moderate,Potato
sandy,temperate,moderate,Wheat
peaty,tropical,cold,Grapes
sandy,subtropical,hot,Banana
loamy,arid,hot,Mustard
peaty,arid,hot,Lentil
loamy,subtropical,hot,Millet
clay,temperate,moderate,Potato
peaty,tropical,hot,Lentil
peaty,temperate,cold,Sunflower
silty,subtropical,cold,Ginger
clay,tropical,moderate,Mustard
peaty,tropical,cold,Grapes
silty,subtropical,hot,Sunflower
sandy,temperate,moderate,Wheat
peaty,temperate,moderate,Oats
sandy,arid,moderate,Cauliflower
silty,temperate,cold,Oats
sandy,temperate,hot,Peas
clay,arid,cold,Millet
peaty,subtropical,hot,Sorghum
clay,arid,hot,Coffee
silty,temperate,hot,Groundnut
silty,tropical,moderate,Garlic
sandy,subtropical,hot,Banana
sandy,tropical,moderate,Tomato
peaty,arid,hot,Lentil
loamy,subtropical,moderate,Cauliflower
loamy,arid,hot,Mustard
loamy,tropical,hot,Groundnut
peaty,arid,moderate,Potato
peaty,arid,hot,Lentil
sandy,temperate,cold,Sorghum
loamy,tropical,moderate,Banana
clay,tropical,moderate,Mustard
peaty,tropical,cold,Grapes
loamy,arid,cold,Soybean
silty,temperate,moderate,Sugarcane
silty,tropical,cold,Grapes
peaty,tropical,moderate,Coconut
clay,arid,hot,Coffee
silty,arid,moderate,Maize
loamy,tropical,cold,Rice
sandy,temperate,moderate,Wheat
sandy,tropical,moderate,Tomato
sandy,arid,moderate,Cauliflower
clay,subtropical,cold,Maize
loamy,arid,hot,Mustard
silty,tropical,cold,Grapes
sandy,subtropical,moderate,Chickpea
silty,tropical,hot,Sugarcane
sandy,arid,hot,Wheat
loamy,temperate,cold,Soybean
sandy,temperate,moderate,Wheat
peaty,tropical,moderate,Coconut
loamy,tropical,hot,Groundnut
clay,subtropical,cold,Maize
clay,temperate,moderate,Potato
loamy,temperate,cold,Soybean
clay,arid,moderate,Cabbage
peaty,subtropical,moderate,Chickpea
sandy,arid,cold,Cotton
silty,arid,moderate,Maize
sandy,tropical,cold,Onion
sandy,temperate,cold,Sorghum
peaty,subtropical,hot,Sorghum
peaty,tropical,hot,Lentil
sandy,temperate,cold,Sorghum
clay,subtropical,cold,Maize
peaty,temperate,moderate,Oats
loamy,arid,moderate,Barley
silty,arid,cold,Carrot
clay,temperate,hot,Mango
silty,arid,hot,Rice
silty,tropical,moderate,Garlic
loamy,subtropical,cold,Ginger
silty,arid,cold,Carrot
silty,tropical,cold,Grapes
peaty,tropical,cold,Grapes
loamy,arid,hot,Mustard
silty,arid,hot,Rice
silty,arid,cold,Carrot
sandy,tropical,hot,Carrot
sandy,temperate,hot,Peas
silty,subtropical,moderate,Turmeric
peaty,tropical,moderate,Coconut
loamy,tropical,moderate,Banana
sandy,subtropical,moderate,Chickpea
clay,arid,cold,Millet
silty,arid,moderate,Maize
silty,temperate,hot,Groundnut
loamy,temperate,cold,Grapes
clay,subtropical,cold,Maize
silty,temperate,cold,Oats
clay,arid,hot,Coffee
loamy,temperate,cold,Soybean
peaty,subtropical,hot,Sorghum
clay,temperate,moderate,Potato
peaty,tropical,moderate,Coconut
loamy,tropical,hot,Groundnut
loamy,subtropical,cold,Ginger
clay,tropical,moderate,Mustard
loamy,arid,moderate,Barley
sandy,tropical,cold,Onion
loamy,temperate,moderate,Barley
peaty,arid,cold,Cabbage
silty,subtropical,hot,Sunflower
clay,subtropical,cold,Maize
peaty,temperate,moderate,Oats
sandy,arid,cold,Cotton
clay,tropical,hot,Peas
peaty,tropical,hot,Lentil
silty,arid,hot,Rice
clay,temperate,moderate,Potato
clay,temperate,cold,Coconut
peaty,temperate,hot,Turmeric
loamy,arid,moderate,Barley
peaty,arid,moderate,Potato
sandy,tropical,cold,Onion
peaty,temperate,hot,Turmeric
peaty,tropical,hot,Lentil
loamy,temperate,cold,Soybean
sandy,arid,cold,Cotton
loamy,arid,cold,Soybean
loamy,arid,cold,Soybean
loamy,tropical,hot,Groundnut
peaty,temperate,hot,Turmeric
sandy,tropical,cold,Onion
clay,arid,hot,Coffee
silty,arid,moderate,Maize
loamy,temperate,cold,Soybean
peaty,tropical,cold,Grapes
loamy,tropical,moderate,Banana
silty,subtropical,hot,Sunflower
loamy,temperate,hot,Garlic
silty,tropical,cold,Grapes
silty,temperate,cold,Oats
peaty,subtropical,moderate,Chickpea
peaty,temperate,cold,Sunflower
silty,temperate,hot,Groundnut
sandy,arid,moderate,Cauliflower
sandy,subtropical,moderate,Chickpea
loamy,tropical,cold,Rice
peaty,tropical,hot,Lentil
clay,subtropical,moderate,Cotton
peaty,tropical,cold,Grapes
clay,temperate,cold,Coconut
clay,arid,moderate,Cabbage
silty,temperate,hot,Groundnut
peaty,tropical,moderate,Coconut
sandy,tropical,hot,Carrot
loamy,subtropical,hot,Millet
loamy,temperate,moderate,Barley
sandy,arid,cold,Cotton
silty,subtropical,cold,Ginger
peaty,tropical,moderate,Coconut
sandy,tropical,moderate,Tomato
clay,arid,moderate,Cabbage
sandy,arid,cold,Cotton
clay,subtropical,moderate,Cotton
silty,subtropical,hot,Sunflower
peaty,tropical,cold,Grapes
peaty,temperate,hot,Turmeric
loamy,tropical,hot,Groundnut
loamy,temperate,moderate,Barley
silty,tropical,moderate,Garlic
clay,tropical,cold,Mango
silty,arid,cold,Carrot
peaty,temperate,moderate,Oats
silty,temperate,moderate,Sugarcane
sandy,tropical,hot,Carrot
loamy,temperate,moderate,Barley
peaty,arid,hot,Lentil
clay,tropical,moderate,Mustard
sandy,tropical,hot,Carrot
silty,tropical,moderate,Garlic
peaty,temperate,moderate,Oats
sandy,tropical,moderate,Tomato
silty,subtropical,moderate,Turmeric
loamy,temperate,moderate,Barley
silty,arid,hot,Rice
sandy,subtropical,hot,Banana
sandy,temperate,hot,Peas
clay,subtropical,cold,Maize
silty,arid,cold,Carrot
loamy,subtropical,hot,Millet
silty,arid,moderate,Maize
silty,subtropical,cold,Ginger
sandy,temperate,moderate,Wheat
loamy,arid,moderate,Barley
peaty,tropical,hot,Lentil
silty,subtropical,hot,Sunflower
silty,arid,moderate,Maize
sandy,temperate,hot,Peas
silty,arid,moderate,Maize
peaty,tropical,moderate,Coconut
sandy,temperate,moderate,Wheat
clay,tropical,hot,Peas
loamy,arid,cold,Soybean
peaty,tropical,cold,Grapes
peaty,tropical,hot,Lentil
sandy,arid,moderate,Cauliflower
silty,temperate,cold,Oats
clay,arid,hot,Coffee
loamy,subtropical,cold,Ginger
loamy,temperate,hot,Garlic
peaty,temperate,hot,Turmeric
loamy,subtropical,hot,Millet
sandy,arid,hot,Wheat
silty,arid,cold,Carrot
sandy,arid,cold,Cotton
loamy,tropical,cold,Rice
clay,tropical,cold,Mango
clay,arid,hot,Coffee
sandy,subtropical,hot,Banana
silty,temperate,moderate,Sugarcane
peaty,tropical,cold,Grapes
clay,arid,hot,Coffee
silty,tropical,cold,Grapes
silty,tropical,moderate,Garlic
clay,tropical,hot,Peas
peaty,tropical,moderate,Coconut
peaty,subtropical,hot,Sorghum
peaty,tropical,moderate,Coconut
sandy,tropical,cold,Onion
sandy,subtropical,hot,Banana
loamy,arid,moderate,Barley
clay,arid,hot,Coffee
sandy,temperate,moderate,Wheat
loamy,tropical,hot,Groundnut
loamy,temperate,moderate,Barley
peaty,tropical,hot,Lentil
silty,arid,moderate,Maize
peaty,tropical,hot,Lentil
loamy,arid,hot,Mustard
clay,temperate,cold,Coconut
silty,temperate,hot,Groundnut
loamy,arid,moderate,Barley
peaty,arid,cold,Tomato
peaty,arid,hot,Lentil
loamy,tropical,hot,Groundnut
loamy,tropical,cold,Rice
clay,tropical,moderate,Mustard
silty,tropical,moderate,Garlic
peaty,arid,cold,Tomato
clay,subtropical,moderate,Cotton
clay,arid,hot,Coffee
sandy,tropical,moderate,Tomato
sandy,arid,hot,Wheat
silty,tropical,moderate,Garlic
loamy,tropical,cold,Rice
clay,subtropical,cold,Maize
sandy,subtropical,hot,Banana
loamy,arid,hot,Mustard
loamy,subtropical,hot,Millet
clay,tropical,hot,Peas
peaty,arid,cold,Tomato
loamy,subtropical,moderate,Groundnut
peaty,subtropical,moderate,Chickpea
sandy,temperate,hot,Peas
sandy,subtropical,cold,Coffee
clay,tropical,hot,Peas
loamy,arid,cold,Soybean
sandy,temperate,moderate,Wheat
silty,tropical,moderate,Garlic
clay,temperate,cold,Coconut
peaty,tropical,moderate,Coconut
silty,tropical,moderate,Garlic
sandy,subtropical,hot,Banana
peaty,subtropical,cold,Onion
peaty,subtropical,moderate,Chickpea
silty,subtropical,cold,Ginger
peaty,temperate,moderate,Oats
sandy,temperate,hot,Potato
peaty,arid,moderate,Potato
clay,tropical,hot,Peas
loamy,subtropical,hot,Millet
loamy,temperate,moderate,Barley
loamy,arid,hot,Mustard
silty,subtropical,hot,Sunflower
clay,temperate,moderate,Potato
loamy,subtropical,cold,Ginger
silty,subtropical,hot,Sunflower
silty,arid,hot,Rice
silty,tropical,hot,Sugarcane
clay,arid,moderate,Cabbage
silty,arid,cold,Carrot
loamy,temperate,cold,Soybean
peaty,temperate,moderate,Oats
peaty,temperate,moderate,Oats
clay,tropical,cold,Mango
clay,subtropical,hot,Cabbage
sandy,arid,cold,Cotton
silty,arid,moderate,Maize
sandy,arid,hot,Wheat
clay,arid,moderate,Cabbage
peaty,arid,moderate,Potato
loamy,arid,cold,Soybean
sandy,arid,hot,Wheat
loamy,arid,moderate,Barley
clay,subtropical,cold,Maize
loamy,tropical,hot,Groundnut
loamy,arid,cold,Soybean
clay,temperate,cold,Coconut
clay,tropical,cold,Mango
peaty,temperate,cold,Sunflower
loamy,temperate,hot,Garlic
peaty,arid,hot,Lentil
peaty,tropical,hot,Lentil
loamy,subtropical,cold,Ginger
sandy,subtropical,hot,Banana
peaty,subtropical,moderate,Chickpea
loamy,arid,cold,Soybean
loamy,tropical,hot,Groundnut
silty,tropical,hot,Sugarcane
clay,arid,moderate,Cabbage
sandy,temperate,moderate,Wheat
silty,arid,moderate,Maize
loamy,temperate,hot,Garlic
loamy,temperate,hot,Garlic
peaty,temperate,moderate,Oats
peaty,arid,moderate,Potato
peaty,temperate,moderate,Oats
sandy,temperate,cold,Sorghum
loamy,arid,cold,Soybean
loamy,tropical,moderate,Banana
peaty,tropical,hot,Lentil
clay,tropical,hot,Peas
peaty,subtropical,moderate,Chickpea
clay,temperate,moderate,Potato
sandy,temperate,cold,Sorghum
sandy,arid,hot,Wheat
loamy,tropical,hot,Groundnut
silty,tropical,hot,Sugarcane
loamy,tropical,cold,Rice
peaty,subtropical,hot,Sorghum
peaty,subtropical,cold,Onion
sandy,tropical,moderate,Tomato
clay,tropical,hot,Peas
loamy,subtropical,hot,Millet
loamy,arid,cold,Soybean
sandy,arid,moderate,Cauliflower
loamy,temperate,cold,Soybean
loamy,tropical,hot,Groundnut
clay,subtropical,cold,Maize
loamy,arid,moderate,Barley
loamy,arid,moderate,Barley
loamy,tropical,hot,Groundnut
silty,tropical,hot,Sugarcane
sandy,temperate,moderate,Wheat
silty,temperate,hot,Groundnut
sandy,subtropical,hot,Banana
clay,tropical,cold,Mango
clay,subtropical,moderate,Cotton
sandy,subtropical,moderate,Chickpea
peaty,temperate,moderate,Oats
loamy,arid,hot,Mustard
clay,tropical,moderate,Mustard
clay,arid,moderate,Cabbage
peaty,arid,moderate,Potato
silty,tropical,moderate,Garlic
loamy,subtropical,cold,Ginger
silty,temperate,cold,Oats
sandy,temperate,hot,Peas
sandy,tropical,hot,Carrot
loamy,temperate,moderate,Barley
silty,temperate,moderate,Sugarcane
sandy,temperate,cold,Sorghum
sandy,tropical,cold,Onion
sandy,temperate,cold,Sorghum
sandy,subtropical,moderate,Chickpea
clay,tropical,cold,Mango
loamy,temperate,hot,Garlic
silty,subtropical,moderate,Turmeric
loamy,arid,moderate,Barley
sandy,arid,cold,Cotton
loamy,temperate,hot,Garlic
loamy,temperate,moderate,Barley
silty,temperate,cold,Oats
clay,tropical,cold,Mango
silty,subtropical,cold,Ginger
peaty,temperate,moderate,Oats
peaty,arid,hot,Lentil
clay,subtropical,cold,Maize
loamy,arid,cold,Soybean
clay,temperate,cold,Coconut
sandy,arid,hot,Wheat
loamy,subtropical,hot,Millet
sandy,temperate,cold,Sorghum
sandy,arid,moderate,Cauliflower
silty,tropical,moderate,Garlic
silty,subtropical,cold,Ginger
silty,tropical,hot,Sugarcane
silty,tropical,moderate,Garlic
loamy,subtropical,moderate,Cauliflower
loamy,subtropical,hot,Millet
loamy,tropical,cold,Rice
peaty,subtropical,hot,Sorghum
silty,tropical,cold,Grapes
clay,arid,hot,Coffee
sandy,temperate,moderate,Wheat
sandy,temperate,moderate,Wheat
sandy,temperate,cold,Sorghum
sandy,tropical,cold,Onion
silty,temperate,moderate,Sugarcane
loamy,subtropical,cold,Ginger
clay,arid,hot,Coffee
silty,subtropical,cold,Ginger
loamy,temperate,cold,Soybean
clay,temperate,cold,Coconut
peaty,subtropical,moderate,Chickpea
peaty,subtropical,cold,Onion
loamy,arid,hot,Mustard
peaty,subtropical,hot,Sorghum
peaty,subtropical,hot,Sorghum
loamy,arid,moderate,Barley
loamy,temperate,cold,Soybean
loamy,arid,moderate,Barley
sandy,tropical,hot,Carrot
loamy,temperate,hot,Garlic
peaty,subtropical,moderate,Chickpea
loamy,temperate,cold,Soybean
clay,subtropical,moderate,Cotton
sandy,temperate,hot,Peas
peaty,subtropical,cold,Onion
sandy,tropical,hot,Carrot
sandy,arid,moderate,Cauliflower
silty,subtropical,cold,Ginger
peaty,arid,hot,Lentil
peaty,arid,cold,Tomato
peaty,tropical,cold,Grapes
peaty,subtropical,cold,Onion
clay,temperate,hot,Mango
peaty,tropical,cold,Grapes
peaty,temperate,cold,Sunflower
silty,tropical,hot,Sugarcane
loamy,arid,cold,Soybean
silty,temperate,cold,Oats
sandy,tropical,cold,Onion
peaty,subtropical,hot,Sorghum
sandy,tropical,cold,Onion
silty,temperate,moderate,Sugarcane
peaty,temperate,moderate,Oats
silty,subtropical,cold,Ginger
loamy,arid,hot,Mustard
silty,subtropical,moderate,Turmeric
loamy,temperate,cold,Soybean
loamy,tropical,cold,Rice
clay,subtropical,moderate,Cotton
clay,arid,hot,Coffee
clay,tropical,cold,Mango
silty,subtropical,hot,Sunflower
silty,tropical,moderate,Garlic
loamy,tropical,moderate,Banana
peaty,tropical,cold,Grapes
peaty,temperate,cold,Sunflower
clay,subtropical,cold,Maize
peaty,temperate,hot,Turmeric
silty,arid,hot,Rice
peaty,subtropical,moderate,Chickpea
clay,subtropical,hot,Cabbage
silty,temperate,moderate,Sugarcane
sandy,arid,hot,Wheat
peaty,tropical,cold,Grapes
loamy,temperate,cold,Soybean
silty,temperate,hot,Groundnut
sandy,temperate,moderate,Wheat
loamy,subtropical,hot,Millet
loamy,subtropical,moderate,Cauliflower
clay,arid,hot,Coffee
silty,subtropical,cold,Ginger
silty,arid,moderate,Maize
sandy,tropical,cold,Onion
peaty,arid,hot,Lentil
clay,tropical,moderate,Mustard
silty,arid,moderate,Maize
clay,subtropical,moderate,Cotton
loamy,subtropical,hot,Millet
sandy,tropical,cold,Onion
peaty,temperate,hot,Turmeric
clay,arid,hot,Coffee
peaty,arid,hot,Lentil
clay,temperate,cold,Coconut
loamy,arid,moderate,Barley
sandy,subtropical,cold,Coffee
peaty,temperate,hot,Turmeric
peaty,tropical,cold,Grapes
clay,tropical,moderate,Mustard
loamy,tropical,cold,Rice
loamy,tropical,hot,Groundnut
sandy,tropical,hot,Carrot
loamy,tropical,hot,Groundnut
silty,tropical,cold,Grapes
peaty,arid,cold,Tomato
loamy,tropical,moderate,Banana
sandy,temperate,cold,Sorghum
peaty,tropical,cold,Grapes
silty,subtropical,hot,Sunflower
loamy,tropical,cold,Rice
clay,temperate,cold,Coconut
sandy,tropical,hot,Carrot
clay,arid,cold,Oats
silty,temperate,cold,Oats
loamy,tropical,moderate,Maize
clay,tropical,moderate,Mustard
sandy,tropical,hot,Carrot
clay,temperate,cold,Coconut
silty,subtropical,cold,Ginger
silty,tropical,moderate,Garlic
clay,arid,hot,Coffee
clay,subtropical,hot,Cabbage
clay,arid,moderate,Cabbage
clay,tropical,cold,Mango
loamy,temperate,cold,Soybean
peaty,temperate,cold,Sunflower
silty,tropical,cold,Grapes
clay,subtropical,cold,Maize
sandy,arid,moderate,Cauliflower
peaty,subtropical,moderate,Chickpea
loamy,tropical,moderate,Banana
peaty,temperate,moderate,Oats
silty,tropical,cold,Grapes
silty,tropical,cold,Grapes
silty,arid,hot,Rice
loamy,tropical,cold,Rice
clay,temperate,hot,Mango
silty,arid,moderate,Maize
silty,tropical,moderate,Garlic
sandy,subtropical,cold,Coffee
peaty,arid,hot,Lentil
clay,subtropical,moderate,Cotton
clay,tropical,moderate,Mustard
peaty,arid,hot,Lentil
peaty,temperate,moderate,Oats
loamy,subtropical,cold,Ginger
loamy,tropical,hot,Groundnut
clay,temperate,cold,Coconut
sandy,tropical,cold,Onion
loamy,tropical,cold,Rice
silty,temperate,cold,Oats
silty,arid,hot,Rice
clay,arid,moderate,Cabbage
silty,tropical,hot,Sugarcane
peaty,subtropical,cold,Onion
loamy,tropical,hot,Groundnut
loamy,temperate,hot,Garlic
sandy,subtropical,moderate,Chickpea
clay,temperate,hot,Mango
silty,tropical,cold,Grapes
sandy,temperate,cold,Sorghum
silty,temperate,moderate,Sugarcane
clay,arid,cold,Millet
sandy,subtropical,hot,Banana
loamy,subtropical,moderate,Cauliflower
silty,arid,cold,Carrot
peaty,tropical,hot,Cauliflower
peaty,temperate,hot,Turmeric
clay,tropical,hot,Peas
loamy,temperate,cold,Soybean
loamy,subtropical,hot,Millet
clay,tropical,moderate,Mustard
clay,arid,hot,Coffee
clay,tropical,moderate,Mustard
sandy,temperate,hot,Peas
silty,arid,moderate,Maize
clay,arid,moderate,Cabbage
sandy,arid,moderate,Cauliflower
silty,arid,cold,Carrot
loamy,temperate,cold,Soybean
sandy,tropical,cold,Onion
sandy,arid,moderate,Cauliflower
sandy,temperate,moderate,Wheat
peaty,temperate,hot,Turmeric
loamy,arid,cold,Soybean
silty,subtropical,hot,Sunflower
clay,subtropical,moderate,Cotton
sandy,tropical,moderate,Tomato
peaty,temperate,cold,Sunflower
sandy,tropical,moderate,Tomato
clay,subtropical,cold,Maize
peaty,arid,cold,Tomato
sandy,tropical,cold,Onion
silty,tropical,cold,Grapes
clay,tropical,moderate,Mustard
peaty,temperate,cold,Sunflower
loamy,arid,hot,Mustard
clay,tropical,moderate,Mustard
sandy,subtropical,moderate,Chickpea
clay,arid,cold,Millet
sandy,temperate,moderate,Wheat
silty,tropical,moderate,Garlic
loamy,temperate,cold,Soybean
clay,tropical,hot,Peas
sandy,temperate,cold,Sorghum
silty,subtropical,hot,Sunflower
sandy,temperate,hot,Peas
silty,temperate,cold,Oats
clay,arid,cold,Millet
peaty,arid,cold,Tomato
silty,subtropical,hot,Sunflower
silty,arid,moderate,Maize
sandy,arid,hot,Wheat
clay,arid,moderate,Cabbage
clay,arid,moderate,Cabbage
loamy,tropical,hot,Groundnut
peaty,arid,cold,Tomato
clay,arid,cold,Millet
clay,tropical,moderate,Mustard
silty,tropical,moderate,Garlic
clay,arid,cold,Millet
loamy,arid,hot,Mustard
peaty,tropical,moderate,Coconut
loamy,arid,cold,Soybean
clay,temperate,cold,Coconut
sandy,temperate,hot,Peas
clay,tropical,cold,Mango
sandy,temperate,moderate,Wheat
sandy,subtropical,moderate,Chickpea
sandy,temperate,hot,Peas
peaty,subtropical,hot,Sorghum
silty,tropical,moderate,Garlic
loamy,tropical,moderate,Banana
peaty,arid,hot,Lentil
silty,subtropical,moderate,Turmeric
clay,tropical,hot,Peas
peaty,subtropical,hot,Sorghum
sandy,temperate,moderate,Wheat
sandy,temperate,hot,Peas
sandy,subtropical,moderate,Chickpea
silty,temperate,cold,Oats
sandy,temperate,cold,Sorghum
sandy,tropical,hot,Carrot
silty,arid,moderate,Maize
loamy,arid,hot,Mustard
loamy,temperate,cold,Soybean
clay,arid,hot,Coffee
clay,arid,cold,Millet
silty,subtropical,moderate,Turmeric
clay,temperate,moderate,Potato
silty,arid,hot,Rice
peaty,arid,hot,Lentil
clay,tropical,cold,Mango
silty,tropical,hot,Sugarcane
peaty,arid,cold,Tomato
loamy,temperate,hot,Garlic
clay,arid,cold,Millet
sandy,subtropical,hot,Banana
loamy,subtropical,hot,Millet
clay,tropical,cold,Mango
clay,arid,hot,Coffee
silty,tropical,moderate,Garlic
loamy,tropical,hot,Groundnut
sandy,tropical,hot,Carrot
peaty,temperate,hot,Turmeric
sandy,temperate,hot,Peas
sandy,subtropical,moderate,Chickpea
sandy,subtropical,hot,Banana
silty,subtropical,moderate,Turmeric
clay,temperate,cold,Coconut
sandy,temperate,hot,Peas
clay,temperate,hot,Mango
loamy,tropical,moderate,Banana
peaty,arid,moderate,Potato
peaty,temperate,cold,Sunflower
peaty,tropical,cold,Grapes
sandy,tropical,hot,Carrot
sandy,tropical,cold,Onion
clay,temperate,moderate,Potato
sandy,temperate,cold,Sorghum
sandy,arid,cold,Cotton
sandy,subtropical,moderate,Chickpea
clay,arid,moderate,Cabbage
loamy,tropical,moderate,Banana
silty,subtropical,hot,Sunflower
sandy,subtropical,hot,Banana
clay,subtropical,cold,Maize
peaty,temperate,cold,Sunflower
silty,tropical,hot,Sugarcane
peaty,arid,moderate,Potato
peaty,tropical,cold,Grapes
clay,tropical,moderate,Mustard
peaty,arid,cold,Tomato
sandy,subtropical,cold,Coffee
silty,tropical,cold,Grapes
sandy,subtropical,hot,Banana
silty,tropical,cold,Grapes
peaty,arid,cold,Tomato
silty,tropical,hot,Sugarcane
sandy,temperate,cold,Sorghum
silty,subtropical,cold,Ginger
peaty,arid,hot,Lentil
clay,tropical,hot,Peas
clay,temperate,moderate,Potato
peaty,tropical,cold,Grapes
loamy,arid,moderate,Barley
clay,arid,hot,Coffee
silty,arid,cold,Carrot
silty,tropical,moderate,Garlic
loamy,subtropical,cold,Ginger
loamy,arid,moderate,Barley
silty,subtropical,cold,Ginger
peaty,tropical,moderate,Coconut
sandy,temperate,hot,Peas
sandy,arid,hot,Wheat
peaty,temperate,moderate,Oats
clay,arid,cold,Millet
sandy,subtropical,cold,Coffee
peaty,temperate,moderate,Oats
loamy,tropical,hot,Groundnut
peaty,tropical,cold,Grapes
silty,subtropical,moderate,Turmeric
clay,subtropical,cold,Maize
clay,temperate,cold,Coconut
clay,tropical,hot,Peas
clay,subtropical,moderate,Cotton
peaty,tropical,moderate,Coconut
peaty,tropical,moderate,Coconut
clay,arid,hot,Coffee
loamy,subtropical,cold,Ginger
sandy,arid,cold,Cotton
silty,subtropical,hot,Sunflower
sandy,subtropical,moderate,Chickpea
peaty,tropical,cold,Grapes
loamy,subtropical,hot,Millet
clay,temperate,cold,Coconut
peaty,arid,cold,Tomato
loamy,subtropical,moderate,Cauliflower
silty,subtropical,hot,Sunflower
peaty,temperate,moderate,Oats
sandy,subtropical,cold,Coffee
peaty,arid,hot,Lentil
clay,temperate,hot,Mango
loamy,temperate,hot,Garlic
clay,tropical,hot,Peas
silty,arid,hot,Rice
clay,arid,hot,Coffee
sandy,arid,hot,Wheat
peaty,temperate,cold,Sunflower
loamy,tropical,moderate,Banana
silty,tropical,hot,Sugarcane
sandy,arid,moderate,Cauliflower
clay,temperate,moderate,Potato
clay,tropical,cold,Mango
silty,arid,cold,Carrot
peaty,subtropical,cold,Onion
sandy,subtropical,cold,Coffee
clay,arid,moderate,Cabbage
loamy,arid,moderate,Barley
clay,temperate,moderate,Potato
sandy,temperate,moderate,Wheat
sandy,temperate,hot,Peas
sandy,temperate,cold,Sorghum
clay,tropical,moderate,Mustard
loamy,temperate,hot,Garlic
loamy,subtropical,hot,Millet
loamy,subtropical,moderate,Cauliflower
peaty,temperate,hot,Turmeric
peaty,temperate,hot,Turmeric
loamy,arid,hot,Mustard
clay,subtropical,cold,Maize
clay,arid,hot,Coffee
clay,temperate,moderate,Potato
silty,temperate,moderate,Sugarcane
clay,tropical,cold,Mango
sandy,subtropical,hot,Banana
peaty,temperate,cold,Sunflower
loamy,subtropical,cold,Ginger
clay,tropical,cold,Mango
clay,tropical,cold,Mango
peaty,arid,hot,Lentil
clay,subtropical,hot,Cabbage
silty,tropical,hot,Sugarcane
clay,arid,cold,Millet
clay,subtropical,hot,Cabbage
sandy,arid,cold,Cotton
silty,tropical,cold,Grapes
clay,tropical,hot,Peas
peaty,temperate,hot,Turmeric
sandy,subtropical,hot,Banana
clay,subtropical,hot,Cabbage
clay,arid,hot,Coffee
sandy,tropical,moderate,Tomato
silty,arid,hot,Rice
loamy,subtropical,cold,Ginger
silty,temperate,hot,Groundnut
sandy,arid,hot,Wheat
silty,tropical,moderate,Garlic
peaty,tropical,cold,Grapes
sandy,arid,hot,Wheat
loamy,subtropical,moderate,Cauliflower
loamy,arid,hot,Mustard
peaty,arid,cold,Tomato
loamy,arid,hot,Mustard
loamy,temperate,moderate,Barley
sandy,arid,cold,Cotton
silty,arid,moderate,Maize
loamy,tropical,cold,Rice
peaty,tropical,hot,Lentil
clay,tropical,cold,Mango
sandy,subtropical,moderate,Chickpea
clay,arid,moderate,Cabbage
sandy,arid,moderate,Cauliflower
peaty,subtropical,hot,Sorghum
sandy,temperate,moderate,Wheat
clay,temperate,hot,Mango
peaty,tropical,moderate,Coconut
clay,arid,cold,Millet
loamy,tropical,moderate,Banana
clay,arid,cold,Millet
silty,tropical,cold,Grapes
loamy,temperate,moderate,Barley
loamy,temperate,moderate,Barley
peaty,temperate,moderate,Oats
sandy,subtropical,cold,Coffee
peaty,temperate,hot,Turmeric
clay,arid,cold,Millet
peaty,subtropical,cold,Onion
loamy,tropical,hot,Groundnut
peaty,subtropical,moderate,Chickpea
sandy,temperate,hot,Peas
peaty,temperate,hot,Turmeric
clay,temperate,hot,Mango
sandy,tropical,hot,Carrot
silty,tropical,moderate,Garlic
silty,tropical,moderate,Garlic
loamy,arid,hot,Mustard
clay,subtropical,cold,Maize
sandy,subtropical,moderate,Chickpea
clay,arid,moderate,Cabbage
loamy,temperate,moderate,Barley
peaty,tropical,hot,Lentil
sandy,arid,hot,Wheat
peaty,arid,cold,Tomato
silty,arid,hot,Rice
silty,tropical,hot,Sugarcane
peaty,arid,hot,Lentil
clay,tropical,cold,Mango
sandy,temperate,cold,Sorghum
peaty,subtropical,cold,Onion
silty,subtropical,cold,Ginger
clay,tropical,moderate,Mustard
sandy,tropical,moderate,Tomato
sandy,arid,hot,Wheat
sandy,tropical,cold,Onion
loamy,tropical,hot,Groundnut
silty,tropical,hot,Sugarcane
silty,arid,cold,Carrot
peaty,subtropical,moderate,Chickpea
silty,subtropical,hot,Sunflower
peaty,arid,hot,Lentil
loamy,arid,moderate,Barley
sandy,temperate,hot,Mustard
clay,arid,cold,Millet
loamy,temperate,moderate,Barley
peaty,tropical,hot,Lentil
clay,subtropical,moderate,Cotton
loamy,tropical,moderate,Banana
clay,tropical,hot,Peas
clay,arid,moderate,Cabbage
loamy,subtropical,moderate,Cauliflower
silty,tropical,moderate,Garlic
sandy,subtropical,moderate,Chickpea
silty,tropical,moderate,Garlic
sandy,arid,hot,Wheat
loamy,temperate,hot,Garlic
peaty,tropical,moderate,Coconut
peaty,temperate,cold,Sunflower
clay,arid,moderate,Cabbage
peaty,tropical,hot,Lentil
clay,subtropical,moderate,Cotton
loamy,arid,cold,Soybean
clay,tropical,moderate,Mustard
sandy,temperate,cold,Sorghum
silty,subtropical,moderate,Turmeric
clay,temperate,moderate,Potato
loamy,subtropical,moderate,Cauliflower
loamy,temperate,hot,Garlic
sandy,subtropical,moderate,Chickpea
clay,arid,moderate,Cabbage
loamy,subtropical,moderate,Cauliflower
loamy,subtropical,moderate,Cauliflower
loamy,tropical,moderate,Banana
silty,tropical,cold,Grapes
peaty,temperate,moderate,Oats
sandy,temperate,cold,Sorghum
loamy,tropical,cold,Rice
clay,subtropical,moderate,Cotton
silty,subtropical,moderate,Turmeric
loamy,tropical,cold,Rice
sandy,subtropical,cold,Coffee
clay,tropical,moderate,Mustard
silty,arid,hot,Rice
silty,arid,moderate,Maize
clay,temperate,moderate,Potato
loamy,subtropical,cold,Ginger
peaty,tropical,hot,Lentil
clay,temperate,moderate,Potato
loamy,arid,hot,Mustard
clay,tropical,hot,Peas
silty,subtropical,moderate,Turmeric
clay,temperate,hot,Mango
loamy,temperate,moderate,Barley
silty,temperate,moderate,Sugarcane
clay,temperate,cold,Coconut
clay,arid,hot,Coffee
silty,arid,cold,Carrot
loamy,temperate,moderate,Barley
peaty,arid,moderate,Potato
clay,subtropical,moderate,Cotton
clay,tropical,cold,Mango
sandy,arid,moderate,Cauliflower
silty,arid,moderate,Maize
loamy,tropical,hot,Groundnut
peaty,subtropical,hot,Sorghum
clay,subtropical,moderate,Cotton
sandy,temperate,moderate,Wheat
silty,tropical,cold,Grapes
peaty,tropical,moderate,Coconut
silty,temperate,moderate,Sugarcane
clay,temperate,cold,Coconut
loamy,arid,cold,Soybean
sandy,temperate,moderate,Wheat
loamy,subtropical,moderate,Cauliflower
sandy,arid,cold,Cotton
peaty,arid,cold,Tomato
clay,arid,moderate,Cabbage
clay,temperate,cold,Coconut
peaty,temperate,moderate,Oats
clay,temperate,moderate,Potato
sandy,subtropical,moderate,Chickpea
peaty,arid,cold,Tomato
clay,temperate,moderate,Potato
peaty,subtropical,hot,Sorghum
peaty,tropical,hot,Lentil
clay,tropical,cold,Mango
silty,arid,moderate,Maize
peaty,tropical,hot,Lentil
clay,temperate,cold,Coconut
sandy,subtropical,hot,Banana
clay,temperate,hot,Mango
peaty,tropical,cold,Grapes
peaty,tropical,moderate,Coconut
silty,temperate,moderate,Sugarcane
sandy,temperate,moderate,Wheat
peaty,tropical,moderate,Coconut
peaty,arid,moderate,Grapes
sandy,tropical,hot,Carrot
silty,arid,cold,Carrot
silty,tropical,cold,Grapes
peaty,subtropical,cold,Onion
peaty,arid,hot,Lentil
peaty,subtropical,hot,Sorghum
clay,subtropical,hot,Cabbage
clay,arid,moderate,Cabbage
clay,tropical,cold,Mango
clay,temperate,hot,Mango
peaty,temperate,hot,Turmeric
sandy,subtropical,cold,Coffee
loamy,tropical,cold,Rice
loamy,arid,moderate,Barley
peaty,tropical,hot,Lentil
peaty,subtropical,cold,Onion
clay,tropical,moderate,Mustard
clay,subtropical,hot,Cabbage
clay,temperate,hot,Mango
silty,tropical,moderate,Garlic
clay,arid,hot,Coffee
clay,arid,hot,Coffee
sandy,arid,moderate,Cauliflower
loamy,temperate,cold,Soybean
peaty,temperate,cold,Sunflower
sandy,arid,moderate,Cauliflower
peaty,arid,cold,Tomato
sandy,tropical,cold,Onion
clay,subtropical,cold,Maize
loamy,subtropical,cold,Ginger
clay,arid,hot,Coffee
loamy,arid,moderate,Barley
loamy,arid,hot,Mustard
loamy,arid,moderate,Barley
sandy,subtropical,cold,Coffee
peaty,arid,hot,Lentil
silty,temperate,moderate,Sugarcane
sandy,tropical,moderate,Tomato
silty,tropical,hot,Sugarcane
sandy,tropical,moderate,Tomato
silty,subtropical,moderate,Turmeric
clay,tropical,cold,Mango
sandy,tropical,cold,Onion
loamy,arid,cold,Soybean
peaty,arid,hot,Lentil
sandy,subtropical,moderate,Chickpea
silty,subtropical,moderate,Turmeric
clay,tropical,hot,Peas
loamy,arid,moderate,Barley
clay,subtropical,cold,Maize
loamy,temperate,cold,Soybean
sandy,subtropical,moderate,Chickpea
clay,tropical,hot,Peas
peaty,tropical,moderate,Coconut
clay,subtropical,moderate,Cotton
sandy,tropical,hot,Carrot
clay,tropical,hot,Peas
loamy,temperate,hot,Garlic
loamy,subtropical,moderate,Cauliflower
sandy,subtropical,hot,Banana
peaty,temperate,hot,Turmeric
clay,temperate,moderate,Potato
peaty,subtropical,cold,Onion
peaty,arid,cold,Tomato
loamy,tropical,moderate,Banana
sandy,arid,moderate,Cauliflower
peaty,subtropical,moderate,Chickpea
silty,tropical,moderate,Garlic
peaty,subtropical,moderate,Chickpea
silty,tropical,cold,Grapes
peaty,tropical,hot,Lentil
loamy,subtropical,moderate,Cauliflower
clay,temperate,cold,Coconut
clay,tropical,hot,Peas
peaty,temperate,hot,Turmeric
peaty,subtropical,moderate,Chickpea
silty,arid,cold,Carrot
peaty,subtropical,moderate,Chickpea
loamy,tropical,cold,Rice
silty,subtropical,hot,Sunflower
peaty,temperate,cold,Sunflower
silty,temperate,hot,Groundnut
clay,arid,hot,Coffee
sandy,arid,moderate,Cauliflower
sandy,subtropical,cold,Coffee
silty,arid,cold,Carrot
loamy,arid,cold,Soybean
clay,tropical,hot,Peas
clay,tropical,hot,Peas
loamy,arid,cold,Soybean
sandy,subtropical,hot,Banana
clay,subtropical,hot,Cabbage
loamy,arid,cold,Soybean
peaty,tropical,cold,Grapes
peaty,arid,moderate,Potato
silty,temperate,hot,Groundnut
peaty,temperate,cold,Sunflower
clay,arid,cold,Millet
sandy,arid,cold,Cotton
peaty,arid,cold,Tomato
sandy,subtropical,hot,Banana
silty,temperate,cold,Oats
loamy,tropical,moderate,Banana
clay,arid,hot,Coffee
loamy,subtropical,cold,Ginger
loamy,tropical,cold,Rice
clay,temperate,hot,Mango
clay,subtropical,cold,Maize
silty,tropical,cold,Grapes
sandy,arid,cold,Cotton
loamy,arid,hot,Mustard
sandy,temperate,cold,Sorghum
loamy,arid,moderate,Barley
loamy,temperate,moderate,Barley
loamy,arid,hot,Mustard
loamy,arid,hot,Mustard
silty,arid,moderate,Maize
clay,temperate,hot,Mango
sandy,arid,moderate,Cauliflower
sandy,arid,cold,Cotton
silty,subtropical,moderate,Turmeric
sandy,arid,hot,Wheat
peaty,arid,moderate,Potato
loamy,tropical,cold,Rice
silty,arid,cold,Carrot
loamy,arid,hot,Mustard
silty,arid,hot,Rice
sandy,temperate,cold,Sorghum
sandy,temperate,hot,Peas
loamy,arid,cold,Soybean
clay,subtropical,moderate,Cotton
peaty,temperate,hot,Turmeric
sandy,subtropical,hot,Banana
loamy,tropical,cold,Rice
peaty,temperate,hot,Turmeric
silty,arid,hot,Rice
sandy,arid,moderate,Cauliflower
loamy,arid,moderate,Barley
silty,subtropical,hot,Sunflower
clay,temperate,moderate,Potato
loamy,temperate,cold,Soybean
peaty,temperate,cold,Sunflower
loamy,tropical,moderate,Banana
silty,subtropical,moderate,Turmeric
loamy,subtropical,moderate,Cauliflower
silty,temperate,moderate,Sugarcane
clay,temperate,moderate,Potato
silty,arid,hot,Rice
sandy,temperate,moderate,Wheat
peaty,tropical,hot,Lentil
sandy,arid,moderate,Cauliflower
silty,tropical,hot,Sugarcane
loamy,tropical,moderate,Banana
clay,arid,cold,Millet
sandy,arid,cold,Cotton
silty,arid,moderate,Maize
silty,tropical,moderate,Garlic
silty,temperate,hot,Groundnut
sandy,tropical,cold,Onion
peaty,subtropical,hot,Sorghum
clay,temperate,hot,Mango
clay,arid,moderate,Cabbage
loamy,temperate,moderate,Barley
peaty,arid,moderate,Potato
sandy,tropical,moderate,Tomato
loamy,temperate,cold,Soybean
sandy,subtropical,moderate,Chickpea
clay,subtropical,cold,Maize
silty,temperate,moderate,Sugarcane
sandy,tropical,moderate,Tomato
silty,arid,hot,Rice
loamy,subtropical,moderate,Cauliflower
sandy,temperate,hot,Peas
silty,subtropical,hot,Sunflower
clay,subtropical,moderate,Cotton
sandy,tropical,moderate,Tomato
clay,temperate,moderate,Potato
peaty,arid,hot,Lentil
silty,temperate,moderate,Sugarcane
loamy,tropical,cold,Rice
sandy,tropical,cold,Onion
clay,arid,moderate,Cabbage
clay,subtropical,moderate,Cotton
sandy,subtropical,hot,Banana
loamy,temperate,moderate,Barley
silty,temperate,moderate,Sugarcane
clay,tropical,cold,Mango
clay,arid,cold,Millet
sandy,arid,moderate,Cauliflower
clay,tropical,hot,Peas
peaty,tropical,moderate,Coconut
peaty,arid,hot,Lentil
loamy,subtropical,cold,Ginger
clay,subtropical,moderate,Cotton
loamy,arid,cold,Soybean
sandy,arid,hot,Wheat
sandy,arid,moderate,Cauliflower
clay,subtropical,hot,Cabbage
silty,arid,moderate,Maize
clay,arid,cold,Millet
loamy,tropical,moderate,Banana
clay,subtropical,hot,Cabbage
peaty,arid,moderate,Potato
silty,subtropical,hot,Sugarcane
loamy,subtropical,moderate,Cauliflower
sandy,tropical,hot,Carrot
loamy,subtropical,moderate,Cauliflower
silty,subtropical,moderate,Turmeric
peaty,temperate,moderate,Oats
loamy,temperate,hot,Garlic
peaty,subtropical,cold,Onion
sandy,temperate,moderate,Wheat
silty,temperate,cold,Oats
clay,arid,cold,Millet
silty,arid,moderate,Maize
loamy,subtropical,cold,Ginger
peaty,temperate,hot,Turmeric
silty,temperate,moderate,Sugarcane
sandy,subtropical,hot,Banana
peaty,tropical,moderate,Coconut
peaty,tropical,moderate,Coconut
silty,arid,moderate,Maize
sandy,temperate,moderate,Wheat
clay,temperate,moderate,Potato
loamy,tropical,moderate,Banana
loamy,temperate,moderate,Barley
clay,tropical,hot,Peas
sandy,arid,hot,Wheat
sandy,temperate,moderate,Wheat
loamy,arid,hot,Mustard
silty,temperate,cold,Oats
sandy,tropical,moderate,Tomato
sandy,subtropical,cold,Coffee
clay,subtropical,moderate,Cotton
sandy,subtropical,hot,Banana
sandy,tropical,cold,Onion
sandy,subtropical,moderate,Chickpea
sandy,temperate,cold,Sorghum
silty,arid,cold,Carrot
peaty,subtropical,cold,Onion
sandy,temperate,moderate,Wheat
loamy,temperate,hot,Garlic
loamy,arid,cold,Soybean
loamy,arid,cold,Soybean
silty,temperate,moderate,Sugarcane
peaty,temperate,cold,Sunflower
peaty,subtropical,moderate,Chickpea
clay,subtropical,hot,Cabbage
sandy,tropical,hot,Carrot
sandy,temperate,hot,Peas
sandy,tropical,hot,Carrot
peaty,subtropical,hot,Sorghum
peaty,arid,cold,Grapes
sandy,arid,hot,Wheat
sandy,temperate,cold,Sorghum
loamy,arid,cold,Soybean
clay,subtropical,hot,Cabbage
loamy,arid,moderate,Barley
loamy,subtropical,moderate,Cauliflower
loamy,temperate,hot,Garlic
loamy,subtropical,hot,Millet
sandy,tropical,cold,Onion
clay,tropical,hot,Peas
loamy,subtropical,cold,Ginger
peaty,temperate,moderate,Oats
sandy,temperate,moderate,Wheat
clay,tropical,hot,Peas
silty,subtropical,hot,Sunflower
peaty,arid,cold,Tomato
clay,tropical,hot,Peas
sandy,temperate,hot,Peas
peaty,arid,hot,Lentil
clay,subtropical,hot,Cabbage
loamy,tropical,hot,Groundnut
silty,subtropical,moderate,Turmeric
sandy,tropical,moderate,Tomato
sandy,temperate,hot,Peas
loamy,subtropical,hot,Millet
clay,subtropical,cold,Maize
sandy,tropical,hot,Carrot
loamy,temperate,hot,Garlic
sandy,temperate,cold,Sorghum
silty,subtropical,hot,Sunflower
loamy,arid,cold,Soybean
peaty,tropical,cold,Grapes
clay,arid,hot,Coffee
sandy,temperate,moderate,Wheat
silty,temperate,hot,Groundnut
peaty,temperate,moderate,Oats
sandy,arid,moderate,Cauliflower
sandy,tropical,moderate,Tomato
sandy,arid,hot,Wheat
loamy,tropical,hot,Groundnut
peaty,temperate,moderate,Oats
silty,temperate,hot,Groundnut
loamy,temperate,moderate,Barley
loamy,arid,moderate,Barley
peaty,arid,cold,Tomato
peaty,arid,moderate,Potato
sandy,tropical,hot,Carrot
clay,subtropical,hot,Cabbage
silty,subtropical,cold,Ginger
clay,tropical,hot,Peas
loamy,arid,cold,Soybean
clay,tropical,hot,Peas
clay,temperate,hot,Mango
sandy,temperate,moderate,Wheat
sandy,subtropical,moderate,Chickpea
sandy,temperate,moderate,Wheat
silty,arid,hot,Rice
clay,arid,moderate,Cabbage
loamy,tropical,hot,Groundnut
peaty,arid,hot,Lentil
sandy,arid,moderate,Cauliflower
peaty,tropical,hot,Lentil
loamy,subtropical,cold,Ginger
peaty,tropical,cold,Grapes
peaty,arid,cold,Tomato
peaty,arid,hot,Lentil
peaty,tropical,moderate,Coconut
peaty,subtropical,hot,Sorghum
silty,arid,moderate,Maize
sandy,temperate,moderate,Wheat
clay,subtropical,hot,Cabbage
silty,arid,hot,Rice
loamy,subtropical,moderate,Cauliflower
clay,subtropical,moderate,Cotton
peaty,subtropical,hot,Sorghum
sandy,arid,hot,Wheat
sandy,temperate,cold,Sorghum
peaty,tropical,moderate,Coconut
silty,temperate,hot,Groundnut
silty,subtropical,cold,Ginger
clay,subtropical,moderate,Cotton
sandy,subtropical,moderate,Chickpea
peaty,tropical,moderate,Coconut
loamy,tropical,moderate,Banana
silty,tropical,hot,Sugarcane
sandy,tropical,hot,Carrot
loamy,subtropical,cold,Ginger
sandy,tropical,moderate,Tomato
loamy,tropical,cold,Rice
sandy,temperate,hot,Peas
silty,arid,hot,Rice
loamy,tropical,hot,Groundnut
loamy,subtropical,moderate,Cauliflower
loamy,subtropical,hot,Millet
clay,tropical,cold,Mango
silty,tropical,hot,Sugarcane
silty,arid,moderate,Maize
sandy,tropical,cold,Onion
sandy,temperate,cold,Sorghum
loamy,arid,cold,Soybean
peaty,arid,hot,Lentil
clay,tropical,cold,Mango
peaty,subtropical,moderate,Chickpea
sandy,temperate,moderate,Wheat
silty,subtropical,cold,Ginger
peaty,temperate,cold,Sunflower
clay,arid,cold,Millet
sandy,arid,moderate,Cauliflower
sandy,tropical,moderate,Tomato
sandy,tropical,hot,Carrot
sandy,subtropical,moderate,Tomato
loamy,subtropical,moderate,Cauliflower
peaty,temperate,moderate,Oats
loamy,subtropical,moderate,Cauliflower
peaty,temperate,hot,Turmeric
loamy,subtropical,hot,Millet
peaty,tropical,cold,Grapes
sandy,arid,cold,Cotton
loamy,temperate,hot,Garlic
clay,subtropical,cold,Maize
sandy,temperate,cold,Sorghum
loamy,temperate,moderate,Barley
sandy,subtropical,hot,Banana
sandy,subtropical,cold,Coffee
clay,temperate,moderate,Potato
clay,tropical,cold,Mango
loamy,arid,hot,Mustard
sandy,temperate,hot,Peas
loamy,tropical,moderate,Banana
peaty,temperate,moderate,Oats
peaty,temperate,cold,Sunflower
clay,arid,moderate,Cabbage
sandy,tropical,hot,Carrot
sandy,temperate,hot,Peas
silty,subtropical,moderate,Turmeric
loamy,subtropical,hot,Millet
silty,tropical,hot,Sugarcane
sandy,subtropical,cold,Coffee
silty,arid,moderate,Maize
silty,temperate,moderate,Sugarcane
peaty,subtropical,hot,Sorghum
clay,arid,hot,Coffee
clay,arid,hot,Coffee
clay,temperate,moderate,Potato
silty,tropical,cold,Grapes
silty,arid,moderate,Maize
peaty,arid,moderate,Potato
silty,temperate,cold,Oats
peaty,tropical,hot,Lentil
sandy,temperate,moderate,Wheat
silty,subtropical,moderate,Turmeric
silty,subtropical,cold,Ginger
loamy,arid,moderate,Barley
peaty,temperate,moderate,Oats
sandy,arid,cold,Cotton
silty,temperate,moderate,Sugarcane
peaty,arid,moderate,Potato
peaty,arid,cold,Tomato
peaty,tropical,hot,Lentil
clay,tropical,cold,Mango
loamy,subtropical,moderate,Cauliflower
sandy,temperate,hot,Peas
sandy,arid,moderate,Cauliflower
loamy,arid,moderate,Barley
silty,subtropical,moderate,Turmeric
silty,temperate,moderate,Sugarcane
clay,arid,moderate,Cabbage
loamy,tropical,cold,Rice
loamy,arid,moderate,Barley
loamy,subtropical,hot,Millet
loamy,subtropical,hot,Millet
silty,subtropical,hot,Sunflower
silty,tropical,moderate,Garlic
peaty,temperate,cold,Sunflower
peaty,arid,cold,Tomato
silty,tropical,moderate,Garlic
silty,subtropical,moderate,Turmeric
peaty,arid,moderate,Potato
silty,subtropical,moderate,Turmeric
sandy,tropical,hot,Carrot
sandy,subtropical,cold,Coffee
peaty,tropical,cold,Grapes
peaty,temperate,hot,Turmeric
loamy,subtropical,moderate,Cauliflower
clay,arid,moderate,Cabbage
peaty,tropical,hot,Lentil
sandy,temperate,moderate,Wheat
loamy,temperate,moderate,Barley
silty,tropical,hot,Sugarcane
peaty,subtropical,cold,Onion
loamy,tropical,hot,Groundnut
silty,temperate,moderate,Sugarcane
clay,subtropical,moderate,Cotton
peaty,arid,hot,Lentil
silty,arid,hot,Rice
sandy,subtropical,moderate,Chickpea
clay,subtropical,hot,Cabbage
sandy,arid,cold,Cotton
loamy,arid,hot,Mustard
loamy,tropical,hot,Groundnut
silty,arid,hot,Rice
sandy,arid,moderate,Cauliflower
loamy,temperate,hot,Garlic
sandy,subtropical,cold,Coffee
loamy,temperate,cold,Soybean
sandy,temperate,hot,Peas
clay,arid,cold,Millet
loamy,subtropical,hot,Millet
silty,arid,hot,Rice
loamy,subtropical,cold,Ginger
loamy,arid,cold,Soybean
peaty,arid,hot,Lentil
sandy,subtropical,hot,Banana
silty,temperate,moderate,Sugarcane
sandy,tropical,cold,Onion
loamy,tropical,cold,Rice
clay,arid,moderate,Cabbage
peaty,tropical,moderate,Coconut
clay,temperate,moderate,Potato
loamy,subtropical,cold,Ginger
peaty,subtropical,cold,Onion
silty,tropical,hot,Sugarcane
loamy,tropical,cold,Rice
silty,arid,moderate,Maize
sandy,arid,moderate,Cauliflower
clay,arid,moderate,Cabbage
silty,subtropical,cold,Ginger
loamy,subtropical,cold,Ginger
loamy,tropical,hot,Groundnut
peaty,subtropical,hot,Sorghum
sandy,temperate,moderate,Wheat
sandy,tropical,cold,Onion
peaty,tropical,moderate,Coconut
sandy,arid,moderate,Cauliflower
clay,tropical,hot,Peas
clay,temperate,moderate,Potato
clay,arid,hot,Coffee
silty,temperate,cold,Oats
silty,tropical,moderate,Garlic
peaty,temperate,moderate,Oats
sandy,arid,hot,Wheat
clay,arid,moderate,Cabbage
peaty,temperate,moderate,Oats
silty,temperate,hot,Groundnut
sandy,arid,hot,Wheat
silty,subtropical,moderate,Turmeric
peaty,arid,cold,Tomato
clay,tropical,cold,Mango
loamy,tropical,hot,Groundnut
peaty,tropical,moderate,Coconut
loamy,temperate,moderate,Barley
silty,arid,cold,Carrot
silty,temperate,moderate,Sugarcane
clay,tropical,moderate,Mustard
loamy,subtropical,cold,Ginger
clay,tropical,cold,Mango
peaty,temperate,moderate,Oats
